collection_name,dataset_name,train_path,test_path,dataset_type,datetime_index,split_at,train_type,train_is_normal,input_type,length,dimensions,contamination,num_anomalies,min_anomaly_length,median_anomaly_length,max_anomaly_length,mean,stddev,trend,stationarity,period_size
GutenTAG,sinus-noise-00%.unsupervised,,sinus-noise-00%/test.csv,synthetic,FALSE,,unsupervised,TRUE,univariate,10000,1,0.01,1,100,100,100,4.45E-08,0.703527189,,,20
GutenTAG,sinus-noise-00%.supervised,sinus-noise-00%/train_anomaly.csv,sinus-noise-00%/test.csv,synthetic,FALSE,,supervised,TRUE,univariate,10000,1,0.01,1,100,100,100,4.45E-08,0.703527189,,,20
GutenTAG,sinus-noise-00%.semi-supervised,sinus-noise-00%/train_no_anomaly.csv,sinus-noise-00%/test.csv,synthetic,FALSE,,semi-supervised,TRUE,univariate,10000,1,0.01,1,100,100,100,4.45E-08,0.703527189,,,20
GutenTAG,sinus-noise-01%.unsupervised,,sinus-noise-01%/test.csv,synthetic,FALSE,,unsupervised,TRUE,univariate,10000,1,0.01,1,100,100,100,-0.000164989,0.703679713,,,20
GutenTAG,sinus-noise-01%.supervised,sinus-noise-01%/train_anomaly.csv,sinus-noise-01%/test.csv,synthetic,FALSE,,supervised,TRUE,univariate,10000,1,0.01,1,100,100,100,-0.000164989,0.703679713,,,20
GutenTAG,sinus-noise-01%.semi-supervised,sinus-noise-01%/train_no_anomaly.csv,sinus-noise-01%/test.csv,synthetic,FALSE,,semi-supervised,TRUE,univariate,10000,1,0.01,1,100,100,100,-0.000164989,0.703679713,,,20
GutenTAG,sinus-noise-10%.unsupervised,,sinus-noise-10%/test.csv,synthetic,FALSE,,unsupervised,TRUE,univariate,10000,1,0.01,1,100,100,100,0.001386891,0.710511562,,,20
GutenTAG,sinus-noise-10%.supervised,sinus-noise-10%/train_anomaly.csv,sinus-noise-10%/test.csv,synthetic,FALSE,,supervised,TRUE,univariate,10000,1,0.01,1,100,100,100,0.001386891,0.710511562,,,20
GutenTAG,sinus-noise-10%.semi-supervised,sinus-noise-10%/train_no_anomaly.csv,sinus-noise-10%/test.csv,synthetic,FALSE,,semi-supervised,TRUE,univariate,10000,1,0.01,1,100,100,100,0.001386891,0.710511562,,,20
GutenTAG,sinus-noise-30%.unsupervised,,sinus-noise-30%/test.csv,synthetic,FALSE,,unsupervised,TRUE,univariate,10000,1,0.01,1,100,100,100,-0.003447817,0.76456623,,,20
GutenTAG,sinus-noise-30%.supervised,sinus-noise-30%/train_anomaly.csv,sinus-noise-30%/test.csv,synthetic,FALSE,,supervised,TRUE,univariate,10000,1,0.01,1,100,100,100,-0.003447817,0.76456623,,,20
GutenTAG,sinus-noise-30%.semi-supervised,sinus-noise-30%/train_no_anomaly.csv,sinus-noise-30%/test.csv,synthetic,FALSE,,semi-supervised,TRUE,univariate,10000,1,0.01,1,100,100,100,-0.003447817,0.76456623,,,20
GutenTAG,sinus-noise-50%.unsupervised,,sinus-noise-50%/test.csv,synthetic,FALSE,,unsupervised,TRUE,univariate,10000,1,0.01,1,100,100,100,-0.001516226,0.87452718,,,20
GutenTAG,sinus-noise-50%.supervised,sinus-noise-50%/train_anomaly.csv,sinus-noise-50%/test.csv,synthetic,FALSE,,supervised,TRUE,univariate,10000,1,0.01,1,100,100,100,-0.001516226,0.87452718,,,20
GutenTAG,sinus-noise-50%.semi-supervised,sinus-noise-50%/train_no_anomaly.csv,sinus-noise-50%/test.csv,synthetic,FALSE,,semi-supervised,TRUE,univariate,10000,1,0.01,1,100,100,100,-0.001516226,0.87452718,,,20
GutenTAG,ecg-noise-00%.unsupervised,,ecg-noise-00%/test.csv,synthetic,FALSE,,unsupervised,TRUE,univariate,10000,1,0.01,1,100,100,100,9.134611896,5.538384752,polynomial,,100
GutenTAG,ecg-noise-00%.supervised,ecg-noise-00%/train_anomaly.csv,ecg-noise-00%/test.csv,synthetic,FALSE,,supervised,TRUE,univariate,10000,1,0.01,1,100,100,100,9.134611896,5.538384752,polynomial,,100
GutenTAG,ecg-noise-00%.semi-supervised,ecg-noise-00%/train_no_anomaly.csv,ecg-noise-00%/test.csv,synthetic,FALSE,,semi-supervised,TRUE,univariate,10000,1,0.01,1,100,100,100,9.134611896,5.538384752,polynomial,,100
GutenTAG,ecg-noise-01%.unsupervised,,ecg-noise-01%/test.csv,synthetic,FALSE,,unsupervised,TRUE,univariate,10000,1,0.01,1,100,100,100,9.13457234,5.538188099,polynomial,,100
GutenTAG,ecg-noise-01%.supervised,ecg-noise-01%/train_anomaly.csv,ecg-noise-01%/test.csv,synthetic,FALSE,,supervised,TRUE,univariate,10000,1,0.01,1,100,100,100,9.13457234,5.538188099,polynomial,,100
GutenTAG,ecg-noise-01%.semi-supervised,ecg-noise-01%/train_no_anomaly.csv,ecg-noise-01%/test.csv,synthetic,FALSE,,semi-supervised,TRUE,univariate,10000,1,0.01,1,100,100,100,9.13457234,5.538188099,polynomial,,100
GutenTAG,ecg-noise-10%.unsupervised,,ecg-noise-10%/test.csv,synthetic,FALSE,,unsupervised,TRUE,univariate,10000,1,0.01,1,100,100,100,9.134201267,5.53824189,polynomial,,100
GutenTAG,ecg-noise-10%.supervised,ecg-noise-10%/train_anomaly.csv,ecg-noise-10%/test.csv,synthetic,FALSE,,supervised,TRUE,univariate,10000,1,0.01,1,100,100,100,9.134201267,5.53824189,polynomial,,100
GutenTAG,ecg-noise-10%.semi-supervised,ecg-noise-10%/train_no_anomaly.csv,ecg-noise-10%/test.csv,synthetic,FALSE,,semi-supervised,TRUE,univariate,10000,1,0.01,1,100,100,100,9.134201267,5.53824189,polynomial,,100
GutenTAG,ecg-noise-30%.unsupervised,,ecg-noise-30%/test.csv,synthetic,FALSE,,unsupervised,TRUE,univariate,10000,1,0.01,1,100,100,100,9.132331029,5.546391473,polynomial,,100
GutenTAG,ecg-noise-30%.supervised,ecg-noise-30%/train_anomaly.csv,ecg-noise-30%/test.csv,synthetic,FALSE,,supervised,TRUE,univariate,10000,1,0.01,1,100,100,100,9.132331029,5.546391473,polynomial,,100
GutenTAG,ecg-noise-30%.semi-supervised,ecg-noise-30%/train_no_anomaly.csv,ecg-noise-30%/test.csv,synthetic,FALSE,,semi-supervised,TRUE,univariate,10000,1,0.01,1,100,100,100,9.132331029,5.546391473,polynomial,,100
GutenTAG,ecg-noise-50%.unsupervised,,ecg-noise-50%/test.csv,synthetic,FALSE,,unsupervised,TRUE,univariate,10000,1,0.01,1,100,100,100,9.14350909,5.555577568,polynomial,,100
GutenTAG,ecg-noise-50%.supervised,ecg-noise-50%/train_anomaly.csv,ecg-noise-50%/test.csv,synthetic,FALSE,,supervised,TRUE,univariate,10000,1,0.01,1,100,100,100,9.14350909,5.555577568,polynomial,,100
GutenTAG,ecg-noise-50%.semi-supervised,ecg-noise-50%/train_no_anomaly.csv,ecg-noise-50%/test.csv,synthetic,FALSE,,semi-supervised,TRUE,univariate,10000,1,0.01,1,100,100,100,9.14350909,5.555577568,polynomial,,100
GutenTAG,cbf-position-beginning.unsupervised,,cbf-position-beginning/test.csv,synthetic,FALSE,,unsupervised,TRUE,univariate,10000,1,0.01,1,100,100,100,14.6452875,3.331868124,polynomial,,
GutenTAG,cbf-position-beginning.supervised,cbf-position-beginning/train_anomaly.csv,cbf-position-beginning/test.csv,synthetic,FALSE,,supervised,TRUE,univariate,10000,1,0.01,1,100,100,100,14.6452875,3.331868124,polynomial,,
GutenTAG,cbf-position-beginning.semi-supervised,cbf-position-beginning/train_no_anomaly.csv,cbf-position-beginning/test.csv,synthetic,FALSE,,semi-supervised,TRUE,univariate,10000,1,0.01,1,100,100,100,14.6452875,3.331868124,polynomial,,
GutenTAG,cbf-position-middle.unsupervised,,cbf-position-middle/test.csv,synthetic,FALSE,,unsupervised,TRUE,univariate,10000,1,0.01,1,100,100,100,14.57856913,3.760193266,polynomial,,
GutenTAG,cbf-position-middle.supervised,cbf-position-middle/train_anomaly.csv,cbf-position-middle/test.csv,synthetic,FALSE,,supervised,TRUE,univariate,10000,1,0.01,1,100,100,100,14.57856913,3.760193266,polynomial,,
GutenTAG,cbf-position-middle.semi-supervised,cbf-position-middle/train_no_anomaly.csv,cbf-position-middle/test.csv,synthetic,FALSE,,semi-supervised,TRUE,univariate,10000,1,0.01,1,100,100,100,14.57856913,3.760193266,polynomial,,
GutenTAG,cbf-position-end.unsupervised,,cbf-position-end/test.csv,synthetic,FALSE,,unsupervised,TRUE,univariate,10000,1,0.01,1,100,100,100,15.1581033,3.267084616,polynomial,,
GutenTAG,cbf-position-end.supervised,cbf-position-end/train_anomaly.csv,cbf-position-end/test.csv,synthetic,FALSE,,supervised,TRUE,univariate,10000,1,0.01,1,100,100,100,15.1581033,3.267084616,polynomial,,
GutenTAG,cbf-position-end.semi-supervised,cbf-position-end/train_no_anomaly.csv,cbf-position-end/test.csv,synthetic,FALSE,,semi-supervised,TRUE,univariate,10000,1,0.01,1,100,100,100,15.1581033,3.267084616,polynomial,,
GutenTAG,sinus-position-beginning.unsupervised,,sinus-position-beginning/test.csv,synthetic,FALSE,,unsupervised,TRUE,univariate,10000,1,0.01,1,100,100,100,0.012210069,1.468908305,sinus,,20
GutenTAG,sinus-position-beginning.supervised,sinus-position-beginning/train_anomaly.csv,sinus-position-beginning/test.csv,synthetic,FALSE,,supervised,TRUE,univariate,10000,1,0.01,1,100,100,100,0.012210069,1.468908305,sinus,,20
GutenTAG,sinus-position-beginning.semi-supervised,sinus-position-beginning/train_no_anomaly.csv,sinus-position-beginning/test.csv,synthetic,FALSE,,semi-supervised,TRUE,univariate,10000,1,0.01,1,100,100,100,0.012210069,1.468908305,sinus,,20
GutenTAG,sinus-position-middle.unsupervised,,sinus-position-middle/test.csv,synthetic,FALSE,,unsupervised,TRUE,univariate,10000,1,0.01,1,100,100,100,0.006391571,1.474999113,sinus,,20
GutenTAG,sinus-position-middle.supervised,sinus-position-middle/train_anomaly.csv,sinus-position-middle/test.csv,synthetic,FALSE,,supervised,TRUE,univariate,10000,1,0.01,1,100,100,100,0.006391571,1.474999113,sinus,,20
GutenTAG,sinus-position-middle.semi-supervised,sinus-position-middle/train_no_anomaly.csv,sinus-position-middle/test.csv,synthetic,FALSE,,semi-supervised,TRUE,univariate,10000,1,0.01,1,100,100,100,0.006391571,1.474999113,sinus,,20
GutenTAG,sinus-position-end.unsupervised,,sinus-position-end/test.csv,synthetic,FALSE,,unsupervised,TRUE,univariate,10000,1,0.01,1,100,100,100,0.01249239,1.472230369,sinus,,20
GutenTAG,sinus-position-end.supervised,sinus-position-end/train_anomaly.csv,sinus-position-end/test.csv,synthetic,FALSE,,supervised,TRUE,univariate,10000,1,0.01,1,100,100,100,0.01249239,1.472230369,sinus,,20
GutenTAG,sinus-position-end.semi-supervised,sinus-position-end/train_no_anomaly.csv,sinus-position-end/test.csv,synthetic,FALSE,,semi-supervised,TRUE,univariate,10000,1,0.01,1,100,100,100,0.01249239,1.472230369,sinus,,20
GutenTAG,sinus-same-count-1.unsupervised,,sinus-same-count-1/test.csv,synthetic,FALSE,,unsupervised,TRUE,univariate,10000,1,0.01,1,100,100,100,1.300417479,0.252740505,,,8
GutenTAG,sinus-same-count-1.supervised,sinus-same-count-1/train_anomaly.csv,sinus-same-count-1/test.csv,synthetic,FALSE,,supervised,TRUE,univariate,10000,1,0.01,1,100,100,100,1.300417479,0.252740505,,,8
GutenTAG,sinus-same-count-1.semi-supervised,sinus-same-count-1/train_no_anomaly.csv,sinus-same-count-1/test.csv,synthetic,FALSE,,semi-supervised,TRUE,univariate,10000,1,0.01,1,100,100,100,1.300417479,0.252740505,,,8
GutenTAG,sinus-same-count-2.unsupervised,,sinus-same-count-2/test.csv,synthetic,FALSE,,unsupervised,TRUE,univariate,10000,1,0.02,2,100,100,100,1.299643853,0.251816712,,,8
GutenTAG,sinus-same-count-2.supervised,sinus-same-count-2/train_anomaly.csv,sinus-same-count-2/test.csv,synthetic,FALSE,,supervised,TRUE,univariate,10000,1,0.02,2,100,100,100,1.299643853,0.251816712,,,8
GutenTAG,sinus-same-count-2.semi-supervised,sinus-same-count-2/train_no_anomaly.csv,sinus-same-count-2/test.csv,synthetic,FALSE,,semi-supervised,TRUE,univariate,10000,1,0.02,2,100,100,100,1.299643853,0.251816712,,,8
GutenTAG,sinus-same-count-5.unsupervised,,sinus-same-count-5/test.csv,synthetic,FALSE,,unsupervised,TRUE,univariate,10000,1,0.05,5,100,100,100,1.299710946,0.254000345,,,8
GutenTAG,sinus-same-count-5.supervised,sinus-same-count-5/train_anomaly.csv,sinus-same-count-5/test.csv,synthetic,FALSE,,supervised,TRUE,univariate,10000,1,0.05,5,100,100,100,1.299710946,0.254000345,,,8
GutenTAG,sinus-same-count-5.semi-supervised,sinus-same-count-5/train_no_anomaly.csv,sinus-same-count-5/test.csv,synthetic,FALSE,,semi-supervised,TRUE,univariate,10000,1,0.05,5,100,100,100,1.299710946,0.254000345,,,8
GutenTAG,sinus-same-count-10.unsupervised,,sinus-same-count-10/test.csv,synthetic,FALSE,,unsupervised,TRUE,univariate,10000,1,0.1,10,100,100,100,1.299585833,0.254690139,,,8
GutenTAG,sinus-same-count-10.supervised,sinus-same-count-10/train_anomaly.csv,sinus-same-count-10/test.csv,synthetic,FALSE,,supervised,TRUE,univariate,10000,1,0.1,10,100,100,100,1.299585833,0.254690139,,,8
GutenTAG,sinus-same-count-10.semi-supervised,sinus-same-count-10/train_no_anomaly.csv,sinus-same-count-10/test.csv,synthetic,FALSE,,semi-supervised,TRUE,univariate,10000,1,0.1,10,100,100,100,1.299585833,0.254690139,,,8
GutenTAG,sinus-diff-count-1.unsupervised,,sinus-diff-count-1/test.csv,synthetic,FALSE,,unsupervised,TRUE,univariate,10000,1,0.01,1,100,100,100,-1.997098162,1.256074646,,,43
GutenTAG,sinus-diff-count-1.supervised,sinus-diff-count-1/train_anomaly.csv,sinus-diff-count-1/test.csv,synthetic,FALSE,,supervised,TRUE,univariate,10000,1,0.01,1,100,100,100,-1.997098162,1.256074646,,,43
GutenTAG,sinus-diff-count-1.semi-supervised,sinus-diff-count-1/train_no_anomaly.csv,sinus-diff-count-1/test.csv,synthetic,FALSE,,semi-supervised,TRUE,univariate,10000,1,0.01,1,100,100,100,-1.997098162,1.256074646,,,43
GutenTAG,sinus-diff-count-2.unsupervised,,sinus-diff-count-2/test.csv,synthetic,FALSE,,unsupervised,TRUE,univariate,10000,1,0.02,2,100,100,100,-2.000067044,1.271034795,,,43
GutenTAG,sinus-diff-count-2.supervised,sinus-diff-count-2/train_anomaly.csv,sinus-diff-count-2/test.csv,synthetic,FALSE,,supervised,TRUE,univariate,10000,1,0.02,2,100,100,100,-2.000067044,1.271034795,,,43
GutenTAG,sinus-diff-count-2.semi-supervised,sinus-diff-count-2/train_no_anomaly.csv,sinus-diff-count-2/test.csv,synthetic,FALSE,,semi-supervised,TRUE,univariate,10000,1,0.02,2,100,100,100,-2.000067044,1.271034795,,,43
GutenTAG,sinus-diff-count-3.unsupervised,,sinus-diff-count-3/test.csv,synthetic,FALSE,,unsupervised,TRUE,univariate,10000,1,0.03,3,100,100,100,-2.001757355,1.272225621,,,43
GutenTAG,sinus-diff-count-3.supervised,sinus-diff-count-3/train_anomaly.csv,sinus-diff-count-3/test.csv,synthetic,FALSE,,supervised,TRUE,univariate,10000,1,0.03,3,100,100,100,-2.001757355,1.272225621,,,43
GutenTAG,sinus-diff-count-3.semi-supervised,sinus-diff-count-3/train_no_anomaly.csv,sinus-diff-count-3/test.csv,synthetic,FALSE,,semi-supervised,TRUE,univariate,10000,1,0.03,3,100,100,100,-2.001757355,1.272225621,,,43
GutenTAG,sinus-diff-count-4.unsupervised,,sinus-diff-count-4/test.csv,synthetic,FALSE,,unsupervised,TRUE,univariate,10000,1,0.0301,4,1,100,100,-1.998431624,1.267206839,,,43
GutenTAG,sinus-diff-count-4.supervised,sinus-diff-count-4/train_anomaly.csv,sinus-diff-count-4/test.csv,synthetic,FALSE,,supervised,TRUE,univariate,10000,1,0.0301,4,1,100,100,-1.998431624,1.267206839,,,43
GutenTAG,sinus-diff-count-4.semi-supervised,sinus-diff-count-4/train_no_anomaly.csv,sinus-diff-count-4/test.csv,synthetic,FALSE,,semi-supervised,TRUE,univariate,10000,1,0.0301,4,1,100,100,-1.998431624,1.267206839,,,43
GutenTAG,sinus-diff-count-5.unsupervised,,sinus-diff-count-5/test.csv,synthetic,FALSE,,unsupervised,TRUE,univariate,10000,1,0.0401,5,1,100,100,-2.001503602,1.273983939,,,43
GutenTAG,sinus-diff-count-5.supervised,sinus-diff-count-5/train_anomaly.csv,sinus-diff-count-5/test.csv,synthetic,FALSE,,supervised,TRUE,univariate,10000,1,0.0401,5,1,100,100,-2.001503602,1.273983939,,,43
GutenTAG,sinus-diff-count-5.semi-supervised,sinus-diff-count-5/train_no_anomaly.csv,sinus-diff-count-5/test.csv,synthetic,FALSE,,semi-supervised,TRUE,univariate,10000,1,0.0401,5,1,100,100,-2.001503602,1.273983939,,,43
GutenTAG,sinus-diff-count-6.unsupervised,,sinus-diff-count-6/test.csv,synthetic,FALSE,,unsupervised,TRUE,univariate,10000,1,0.0501,6,1,100,100,-1.986455016,1.277277987,,,43
GutenTAG,sinus-diff-count-6.supervised,sinus-diff-count-6/train_anomaly.csv,sinus-diff-count-6/test.csv,synthetic,FALSE,,supervised,TRUE,univariate,10000,1,0.0501,6,1,100,100,-1.986455016,1.277277987,,,43
GutenTAG,sinus-diff-count-6.semi-supervised,sinus-diff-count-6/train_no_anomaly.csv,sinus-diff-count-6/test.csv,synthetic,FALSE,,semi-supervised,TRUE,univariate,10000,1,0.0501,6,1,100,100,-1.986455016,1.277277987,,,43
GutenTAG,sinus-diff-count-7.unsupervised,,sinus-diff-count-7/test.csv,synthetic,FALSE,,unsupervised,TRUE,univariate,10000,1,0.0601,7,1,100,100,-1.992060756,1.270969387,,,43
GutenTAG,sinus-diff-count-7.supervised,sinus-diff-count-7/train_anomaly.csv,sinus-diff-count-7/test.csv,synthetic,FALSE,,supervised,TRUE,univariate,10000,1,0.0601,7,1,100,100,-1.992060756,1.270969387,,,43
GutenTAG,sinus-diff-count-7.semi-supervised,sinus-diff-count-7/train_no_anomaly.csv,sinus-diff-count-7/test.csv,synthetic,FALSE,,semi-supervised,TRUE,univariate,10000,1,0.0601,7,1,100,100,-1.992060756,1.270969387,,,43
GutenTAG,sinus-diff-count-8.unsupervised,,sinus-diff-count-8/test.csv,synthetic,FALSE,,unsupervised,TRUE,univariate,10000,1,0.0701,8,1,100,100,-1.987174801,1.263558871,,,43
GutenTAG,sinus-diff-count-8.supervised,sinus-diff-count-8/train_anomaly.csv,sinus-diff-count-8/test.csv,synthetic,FALSE,,supervised,TRUE,univariate,10000,1,0.0701,8,1,100,100,-1.987174801,1.263558871,,,43
GutenTAG,sinus-diff-count-8.semi-supervised,sinus-diff-count-8/train_no_anomaly.csv,sinus-diff-count-8/test.csv,synthetic,FALSE,,semi-supervised,TRUE,univariate,10000,1,0.0701,8,1,100,100,-1.987174801,1.263558871,,,43
GutenTAG,sinus-diff-count-9.unsupervised,,sinus-diff-count-9/test.csv,synthetic,FALSE,,unsupervised,TRUE,univariate,10000,1,0.0801,9,1,100,100,-1.990481356,1.269040887,,,43
GutenTAG,sinus-diff-count-9.supervised,sinus-diff-count-9/train_anomaly.csv,sinus-diff-count-9/test.csv,synthetic,FALSE,,supervised,TRUE,univariate,10000,1,0.0801,9,1,100,100,-1.990481356,1.269040887,,,43
GutenTAG,sinus-diff-count-9.semi-supervised,sinus-diff-count-9/train_no_anomaly.csv,sinus-diff-count-9/test.csv,synthetic,FALSE,,semi-supervised,TRUE,univariate,10000,1,0.0801,9,1,100,100,-1.990481356,1.269040887,,,43
GutenTAG,sinus-combined-diff-1.unsupervised,,sinus-combined-diff-1/test.csv,synthetic,FALSE,,unsupervised,TRUE,univariate,10000,1,0.06,6,100,100,100,-1.999182675,1.269926754,,,43
GutenTAG,sinus-combined-diff-1.supervised,sinus-combined-diff-1/train_anomaly.csv,sinus-combined-diff-1/test.csv,synthetic,FALSE,,supervised,TRUE,univariate,10000,1,0.06,6,100,100,100,-1.999182675,1.269926754,,,43
GutenTAG,sinus-combined-diff-1.semi-supervised,sinus-combined-diff-1/train_no_anomaly.csv,sinus-combined-diff-1/test.csv,synthetic,FALSE,,semi-supervised,TRUE,univariate,10000,1,0.06,6,100,100,100,-1.999182675,1.269926754,,,43
GutenTAG,sinus-combined-diff-2.unsupervised,,sinus-combined-diff-2/test.csv,synthetic,FALSE,,unsupervised,TRUE,univariate,10000,1,0.07,6,100,100,200,1.334635421,0.257237465,,,8
GutenTAG,sinus-combined-diff-2.supervised,sinus-combined-diff-2/train_anomaly.csv,sinus-combined-diff-2/test.csv,synthetic,FALSE,,supervised,TRUE,univariate,10000,1,0.07,6,100,100,200,1.334635421,0.257237465,,,8
GutenTAG,sinus-combined-diff-2.semi-supervised,sinus-combined-diff-2/train_no_anomaly.csv,sinus-combined-diff-2/test.csv,synthetic,FALSE,,semi-supervised,TRUE,univariate,10000,1,0.07,6,100,100,200,1.334635421,0.257237465,,,8
GutenTAG,sinus-combined-diff-3.unsupervised,,sinus-combined-diff-3/test.csv,synthetic,FALSE,,unsupervised,TRUE,univariate,10000,1,0.0105,6,1,1,100,0.001229521,0.70917381,,,20
GutenTAG,sinus-combined-diff-3.supervised,sinus-combined-diff-3/train_anomaly.csv,sinus-combined-diff-3/test.csv,synthetic,FALSE,,supervised,TRUE,univariate,10000,1,0.0105,6,1,1,100,0.001229521,0.70917381,,,20
GutenTAG,sinus-combined-diff-3.semi-supervised,sinus-combined-diff-3/train_no_anomaly.csv,sinus-combined-diff-3/test.csv,synthetic,FALSE,,semi-supervised,TRUE,univariate,10000,1,0.0105,6,1,1,100,0.001229521,0.70917381,,,20
GutenTAG,sinus-length-1.unsupervised,,sinus-length-1/test.csv,synthetic,FALSE,,unsupervised,TRUE,univariate,10000,1,0.0001,1,1,1,1,0.000564324,0.709311022,,,20
GutenTAG,sinus-length-1.supervised,sinus-length-1/train_anomaly.csv,sinus-length-1/test.csv,synthetic,FALSE,,supervised,TRUE,univariate,10000,1,0.0001,1,1,1,1,0.000564324,0.709311022,,,20
GutenTAG,sinus-length-1.semi-supervised,sinus-length-1/train_no_anomaly.csv,sinus-length-1/test.csv,synthetic,FALSE,,semi-supervised,TRUE,univariate,10000,1,0.0001,1,1,1,1,0.000564324,0.709311022,,,20
GutenTAG,sinus-length-10.unsupervised,,sinus-length-10/test.csv,synthetic,FALSE,,unsupervised,TRUE,univariate,10000,1,0.001,1,10,10,10,-0.000118665,0.708896555,,,20
GutenTAG,sinus-length-10.supervised,sinus-length-10/train_anomaly.csv,sinus-length-10/test.csv,synthetic,FALSE,,supervised,TRUE,univariate,10000,1,0.001,1,10,10,10,-0.000118665,0.708896555,,,20
GutenTAG,sinus-length-10.semi-supervised,sinus-length-10/train_no_anomaly.csv,sinus-length-10/test.csv,synthetic,FALSE,,semi-supervised,TRUE,univariate,10000,1,0.001,1,10,10,10,-0.000118665,0.708896555,,,20
GutenTAG,sinus-length-50.unsupervised,,sinus-length-50/test.csv,synthetic,FALSE,,unsupervised,TRUE,univariate,10000,1,0.005,1,50,50,50,-0.000550757,0.709073387,,,20
GutenTAG,sinus-length-50.supervised,sinus-length-50/train_anomaly.csv,sinus-length-50/test.csv,synthetic,FALSE,,supervised,TRUE,univariate,10000,1,0.005,1,50,50,50,-0.000550757,0.709073387,,,20
GutenTAG,sinus-length-50.semi-supervised,sinus-length-50/train_no_anomaly.csv,sinus-length-50/test.csv,synthetic,FALSE,,semi-supervised,TRUE,univariate,10000,1,0.005,1,50,50,50,-0.000550757,0.709073387,,,20
GutenTAG,sinus-length-100.unsupervised,,sinus-length-100/test.csv,synthetic,FALSE,,unsupervised,TRUE,univariate,10000,1,0.01,1,100,100,100,-0.00033693,0.709740019,,,20
GutenTAG,sinus-length-100.supervised,sinus-length-100/train_anomaly.csv,sinus-length-100/test.csv,synthetic,FALSE,,supervised,TRUE,univariate,10000,1,0.01,1,100,100,100,-0.00033693,0.709740019,,,20
GutenTAG,sinus-length-100.semi-supervised,sinus-length-100/train_no_anomaly.csv,sinus-length-100/test.csv,synthetic,FALSE,,semi-supervised,TRUE,univariate,10000,1,0.01,1,100,100,100,-0.00033693,0.709740019,,,20
GutenTAG,sinus-length-500.unsupervised,,sinus-length-500/test.csv,synthetic,FALSE,,unsupervised,TRUE,univariate,10000,1,0.05,1,500,500,500,-0.000242649,0.713628348,,,20
GutenTAG,sinus-length-500.supervised,sinus-length-500/train_anomaly.csv,sinus-length-500/test.csv,synthetic,FALSE,,supervised,TRUE,univariate,10000,1,0.05,1,500,500,500,-0.000242649,0.713628348,,,20
GutenTAG,sinus-length-500.semi-supervised,sinus-length-500/train_no_anomaly.csv,sinus-length-500/test.csv,synthetic,FALSE,,semi-supervised,TRUE,univariate,10000,1,0.05,1,500,500,500,-0.000242649,0.713628348,,,20
GutenTAG,sinus-length-1000.unsupervised,,sinus-length-1000/test.csv,synthetic,FALSE,,unsupervised,TRUE,univariate,10000,1,0.1,1,1000,1000,1000,0.001239242,0.713260318,,,20
GutenTAG,sinus-length-1000.supervised,sinus-length-1000/train_anomaly.csv,sinus-length-1000/test.csv,synthetic,FALSE,,supervised,TRUE,univariate,10000,1,0.1,1,1000,1000,1000,0.001239242,0.713260318,,,20
GutenTAG,sinus-length-1000.semi-supervised,sinus-length-1000/train_no_anomaly.csv,sinus-length-1000/test.csv,synthetic,FALSE,,semi-supervised,TRUE,univariate,10000,1,0.1,1,1000,1000,1000,0.001239242,0.713260318,,,20
GutenTAG,sinus-trend-linear.unsupervised,,sinus-trend-linear/test.csv,synthetic,FALSE,,unsupervised,TRUE,univariate,10000,1,0.01,1,100,100,100,-3.799704407,1.260917394,polynomial,,43
GutenTAG,sinus-trend-linear.supervised,sinus-trend-linear/train_anomaly.csv,sinus-trend-linear/test.csv,synthetic,FALSE,,supervised,TRUE,univariate,10000,1,0.01,1,100,100,100,-3.799704407,1.260917394,polynomial,,43
GutenTAG,sinus-trend-linear.semi-supervised,sinus-trend-linear/train_no_anomaly.csv,sinus-trend-linear/test.csv,synthetic,FALSE,,semi-supervised,TRUE,univariate,10000,1,0.01,1,100,100,100,-3.799704407,1.260917394,polynomial,,43
GutenTAG,sinus-trend-quadratic.unsupervised,,sinus-trend-quadratic/test.csv,synthetic,FALSE,,unsupervised,TRUE,univariate,10000,1,0.01,1,100,100,100,-0.466493935,3.238132199,polynomial,,43
GutenTAG,sinus-trend-quadratic.supervised,sinus-trend-quadratic/train_anomaly.csv,sinus-trend-quadratic/test.csv,synthetic,FALSE,,supervised,TRUE,univariate,10000,1,0.01,1,100,100,100,-0.466493935,3.238132199,polynomial,,43
GutenTAG,sinus-trend-quadratic.semi-supervised,sinus-trend-quadratic/train_no_anomaly.csv,sinus-trend-quadratic/test.csv,synthetic,FALSE,,semi-supervised,TRUE,univariate,10000,1,0.01,1,100,100,100,-0.466493935,3.238132199,polynomial,,43
GutenTAG,sinus-trend-sinus.unsupervised,,sinus-trend-sinus/test.csv,synthetic,FALSE,,unsupervised,TRUE,univariate,10000,1,0.01,1,100,100,100,-1.999942006,1.306590908,sinus,,43
GutenTAG,sinus-trend-sinus.supervised,sinus-trend-sinus/train_anomaly.csv,sinus-trend-sinus/test.csv,synthetic,FALSE,,supervised,TRUE,univariate,10000,1,0.01,1,100,100,100,-1.999942006,1.306590908,sinus,,43
GutenTAG,sinus-trend-sinus.semi-supervised,sinus-trend-sinus/train_no_anomaly.csv,sinus-trend-sinus/test.csv,synthetic,FALSE,,semi-supervised,TRUE,univariate,10000,1,0.01,1,100,100,100,-1.999942006,1.306590908,sinus,,43
GutenTAG,sinus-type-amplitude.unsupervised,,sinus-type-amplitude/test.csv,synthetic,FALSE,,unsupervised,TRUE,univariate,10000,1,0.01,1,100,100,100,0.000379341,0.717305646,,,20
GutenTAG,sinus-type-amplitude.supervised,sinus-type-amplitude/train_anomaly.csv,sinus-type-amplitude/test.csv,synthetic,FALSE,,supervised,TRUE,univariate,10000,1,0.01,1,100,100,100,0.000379341,0.717305646,,,20
GutenTAG,sinus-type-amplitude.semi-supervised,sinus-type-amplitude/train_no_anomaly.csv,sinus-type-amplitude/test.csv,synthetic,FALSE,,semi-supervised,TRUE,univariate,10000,1,0.01,1,100,100,100,0.000379341,0.717305646,,,20
GutenTAG,sinus-type-extremum.unsupervised,,sinus-type-extremum/test.csv,synthetic,FALSE,,unsupervised,TRUE,univariate,10000,1,0.0001,1,1,1,1,0.00044775,0.709320776,,,20
GutenTAG,sinus-type-extremum.supervised,sinus-type-extremum/train_anomaly.csv,sinus-type-extremum/test.csv,synthetic,FALSE,,supervised,TRUE,univariate,10000,1,0.0001,1,1,1,1,0.00044775,0.709320776,,,20
GutenTAG,sinus-type-extremum.semi-supervised,sinus-type-extremum/train_no_anomaly.csv,sinus-type-extremum/test.csv,synthetic,FALSE,,semi-supervised,TRUE,univariate,10000,1,0.0001,1,1,1,1,0.00044775,0.709320776,,,20
GutenTAG,sinus-type-frequency.unsupervised,,sinus-type-frequency/test.csv,synthetic,FALSE,,unsupervised,TRUE,univariate,10000,1,0.01,1,100,100,100,0.000713757,0.708965194,,,20
GutenTAG,sinus-type-frequency.supervised,sinus-type-frequency/train_anomaly.csv,sinus-type-frequency/test.csv,synthetic,FALSE,,supervised,TRUE,univariate,10000,1,0.01,1,100,100,100,0.000713757,0.708965194,,,20
GutenTAG,sinus-type-frequency.semi-supervised,sinus-type-frequency/train_no_anomaly.csv,sinus-type-frequency/test.csv,synthetic,FALSE,,semi-supervised,TRUE,univariate,10000,1,0.01,1,100,100,100,0.000713757,0.708965194,,,20
GutenTAG,sinus-type-mean.unsupervised,,sinus-type-mean/test.csv,synthetic,FALSE,,unsupervised,TRUE,univariate,10000,1,0.01,1,100,100,100,0.009953375,0.716378628,,,20
GutenTAG,sinus-type-mean.supervised,sinus-type-mean/train_anomaly.csv,sinus-type-mean/test.csv,synthetic,FALSE,,supervised,TRUE,univariate,10000,1,0.01,1,100,100,100,0.009953375,0.716378628,,,20
GutenTAG,sinus-type-mean.semi-supervised,sinus-type-mean/train_no_anomaly.csv,sinus-type-mean/test.csv,synthetic,FALSE,,semi-supervised,TRUE,univariate,10000,1,0.01,1,100,100,100,0.009953375,0.716378628,,,20
GutenTAG,sinus-type-pattern.unsupervised,,sinus-type-pattern/test.csv,synthetic,FALSE,,unsupervised,TRUE,univariate,10000,1,0.01,1,100,100,100,0.000324611,0.710049207,,,20
GutenTAG,sinus-type-pattern.supervised,sinus-type-pattern/train_anomaly.csv,sinus-type-pattern/test.csv,synthetic,FALSE,,supervised,TRUE,univariate,10000,1,0.01,1,100,100,100,0.000324611,0.710049207,,,20
GutenTAG,sinus-type-pattern.semi-supervised,sinus-type-pattern/train_no_anomaly.csv,sinus-type-pattern/test.csv,synthetic,FALSE,,semi-supervised,TRUE,univariate,10000,1,0.01,1,100,100,100,0.000324611,0.710049207,,,20
GutenTAG,sinus-type-pattern-shift.unsupervised,,sinus-type-pattern-shift/test.csv,synthetic,FALSE,,unsupervised,TRUE,univariate,10000,1,0.01,1,100,100,100,0.001138656,0.708317805,,,20
GutenTAG,sinus-type-pattern-shift.supervised,sinus-type-pattern-shift/train_anomaly.csv,sinus-type-pattern-shift/test.csv,synthetic,FALSE,,supervised,TRUE,univariate,10000,1,0.01,1,100,100,100,0.001138656,0.708317805,,,20
GutenTAG,sinus-type-pattern-shift.semi-supervised,sinus-type-pattern-shift/train_no_anomaly.csv,sinus-type-pattern-shift/test.csv,synthetic,FALSE,,semi-supervised,TRUE,univariate,10000,1,0.01,1,100,100,100,0.001138656,0.708317805,,,20
GutenTAG,sinus-type-platform.unsupervised,,sinus-type-platform/test.csv,synthetic,FALSE,,unsupervised,TRUE,univariate,10000,1,0.01,1,100,100,100,-0.000582737,0.704467923,,,20
GutenTAG,sinus-type-platform.supervised,sinus-type-platform/train_anomaly.csv,sinus-type-platform/test.csv,synthetic,FALSE,,supervised,TRUE,univariate,10000,1,0.01,1,100,100,100,-0.000582737,0.704467923,,,20
GutenTAG,sinus-type-platform.semi-supervised,sinus-type-platform/train_no_anomaly.csv,sinus-type-platform/test.csv,synthetic,FALSE,,semi-supervised,TRUE,univariate,10000,1,0.01,1,100,100,100,-0.000582737,0.704467923,,,20
GutenTAG,sinus-type-trend.unsupervised,,sinus-type-trend/test.csv,synthetic,FALSE,,unsupervised,TRUE,univariate,10000,1,0.01,1,100,100,100,0.250809238,0.734869941,,,20
GutenTAG,sinus-type-trend.supervised,sinus-type-trend/train_anomaly.csv,sinus-type-trend/test.csv,synthetic,FALSE,,supervised,TRUE,univariate,10000,1,0.01,1,100,100,100,0.250809238,0.734869941,,,20
GutenTAG,sinus-type-trend.semi-supervised,sinus-type-trend/train_no_anomaly.csv,sinus-type-trend/test.csv,synthetic,FALSE,,semi-supervised,TRUE,univariate,10000,1,0.01,1,100,100,100,0.250809238,0.734869941,,,20
GutenTAG,sinus-type-variance.unsupervised,,sinus-type-variance/test.csv,synthetic,FALSE,,unsupervised,TRUE,univariate,10000,1,0.01,1,100,100,100,-0.000167595,0.708874084,,,20
GutenTAG,sinus-type-variance.supervised,sinus-type-variance/train_anomaly.csv,sinus-type-variance/test.csv,synthetic,FALSE,,supervised,TRUE,univariate,10000,1,0.01,1,100,100,100,-0.000167595,0.708874084,,,20
GutenTAG,sinus-type-variance.semi-supervised,sinus-type-variance/train_no_anomaly.csv,sinus-type-variance/test.csv,synthetic,FALSE,,semi-supervised,TRUE,univariate,10000,1,0.01,1,100,100,100,-0.000167595,0.708874084,,,20
GutenTAG,ecg-same-count-1.unsupervised,,ecg-same-count-1/test.csv,synthetic,FALSE,,unsupervised,TRUE,univariate,10000,1,0.01,1,100,100,100,0.468354674,1.758442012,,,15
GutenTAG,ecg-same-count-1.supervised,ecg-same-count-1/train_anomaly.csv,ecg-same-count-1/test.csv,synthetic,FALSE,,supervised,TRUE,univariate,10000,1,0.01,1,100,100,100,0.468354674,1.758442012,,,15
GutenTAG,ecg-same-count-1.semi-supervised,ecg-same-count-1/train_no_anomaly.csv,ecg-same-count-1/test.csv,synthetic,FALSE,,semi-supervised,TRUE,univariate,10000,1,0.01,1,100,100,100,0.468354674,1.758442012,,,15
GutenTAG,ecg-same-count-2.unsupervised,,ecg-same-count-2/test.csv,synthetic,FALSE,,unsupervised,TRUE,univariate,10000,1,0.02,2,100,100,100,0.468211808,1.758350921,,,15
GutenTAG,ecg-same-count-2.supervised,ecg-same-count-2/train_anomaly.csv,ecg-same-count-2/test.csv,synthetic,FALSE,,supervised,TRUE,univariate,10000,1,0.02,2,100,100,100,0.468211808,1.758350921,,,15
GutenTAG,ecg-same-count-2.semi-supervised,ecg-same-count-2/train_no_anomaly.csv,ecg-same-count-2/test.csv,synthetic,FALSE,,semi-supervised,TRUE,univariate,10000,1,0.02,2,100,100,100,0.468211808,1.758350921,,,15
GutenTAG,ecg-same-count-5.unsupervised,,ecg-same-count-5/test.csv,synthetic,FALSE,,unsupervised,TRUE,univariate,10000,1,0.05,5,100,100,100,0.462203369,1.758107497,,,15
GutenTAG,ecg-same-count-5.supervised,ecg-same-count-5/train_anomaly.csv,ecg-same-count-5/test.csv,synthetic,FALSE,,supervised,TRUE,univariate,10000,1,0.05,5,100,100,100,0.462203369,1.758107497,,,15
GutenTAG,ecg-same-count-5.semi-supervised,ecg-same-count-5/train_no_anomaly.csv,ecg-same-count-5/test.csv,synthetic,FALSE,,semi-supervised,TRUE,univariate,10000,1,0.05,5,100,100,100,0.462203369,1.758107497,,,15
GutenTAG,ecg-same-count-10.unsupervised,,ecg-same-count-10/test.csv,synthetic,FALSE,,unsupervised,TRUE,univariate,10000,1,0.1,10,100,100,100,0.473327759,1.758621966,,,15
GutenTAG,ecg-same-count-10.supervised,ecg-same-count-10/train_anomaly.csv,ecg-same-count-10/test.csv,synthetic,FALSE,,supervised,TRUE,univariate,10000,1,0.1,10,100,100,100,0.473327759,1.758621966,,,15
GutenTAG,ecg-same-count-10.semi-supervised,ecg-same-count-10/train_no_anomaly.csv,ecg-same-count-10/test.csv,synthetic,FALSE,,semi-supervised,TRUE,univariate,10000,1,0.1,10,100,100,100,0.473327759,1.758621966,,,15
GutenTAG,ecg-diff-count-1.unsupervised,,ecg-diff-count-1/test.csv,synthetic,FALSE,,unsupervised,TRUE,univariate,10000,1,0.01,1,100,100,100,0.465772595,1.755754426,,,20
GutenTAG,ecg-diff-count-1.supervised,ecg-diff-count-1/train_anomaly.csv,ecg-diff-count-1/test.csv,synthetic,FALSE,,supervised,TRUE,univariate,10000,1,0.01,1,100,100,100,0.465772595,1.755754426,,,20
GutenTAG,ecg-diff-count-1.semi-supervised,ecg-diff-count-1/train_no_anomaly.csv,ecg-diff-count-1/test.csv,synthetic,FALSE,,semi-supervised,TRUE,univariate,10000,1,0.01,1,100,100,100,0.465772595,1.755754426,,,20
GutenTAG,ecg-diff-count-2.unsupervised,,ecg-diff-count-2/test.csv,synthetic,FALSE,,unsupervised,TRUE,univariate,10000,1,0.02,2,100,100,100,0.470253726,1.754947666,,,20
GutenTAG,ecg-diff-count-2.supervised,ecg-diff-count-2/train_anomaly.csv,ecg-diff-count-2/test.csv,synthetic,FALSE,,supervised,TRUE,univariate,10000,1,0.02,2,100,100,100,0.470253726,1.754947666,,,20
GutenTAG,ecg-diff-count-2.semi-supervised,ecg-diff-count-2/train_no_anomaly.csv,ecg-diff-count-2/test.csv,synthetic,FALSE,,semi-supervised,TRUE,univariate,10000,1,0.02,2,100,100,100,0.470253726,1.754947666,,,20
GutenTAG,ecg-diff-count-3.unsupervised,,ecg-diff-count-3/test.csv,synthetic,FALSE,,unsupervised,TRUE,univariate,10000,1,0.03,3,100,100,100,0.463806218,1.754720514,,,20
GutenTAG,ecg-diff-count-3.supervised,ecg-diff-count-3/train_anomaly.csv,ecg-diff-count-3/test.csv,synthetic,FALSE,,supervised,TRUE,univariate,10000,1,0.03,3,100,100,100,0.463806218,1.754720514,,,20
GutenTAG,ecg-diff-count-3.semi-supervised,ecg-diff-count-3/train_no_anomaly.csv,ecg-diff-count-3/test.csv,synthetic,FALSE,,semi-supervised,TRUE,univariate,10000,1,0.03,3,100,100,100,0.463806218,1.754720514,,,20
GutenTAG,ecg-diff-count-4.unsupervised,,ecg-diff-count-4/test.csv,synthetic,FALSE,,unsupervised,TRUE,univariate,10000,1,0.0301,4,1,100,100,0.472908086,1.756004872,,,20
GutenTAG,ecg-diff-count-4.supervised,ecg-diff-count-4/train_anomaly.csv,ecg-diff-count-4/test.csv,synthetic,FALSE,,supervised,TRUE,univariate,10000,1,0.0301,4,1,100,100,0.472908086,1.756004872,,,20
GutenTAG,ecg-diff-count-4.semi-supervised,ecg-diff-count-4/train_no_anomaly.csv,ecg-diff-count-4/test.csv,synthetic,FALSE,,semi-supervised,TRUE,univariate,10000,1,0.0301,4,1,100,100,0.472908086,1.756004872,,,20
GutenTAG,ecg-diff-count-5.unsupervised,,ecg-diff-count-5/test.csv,synthetic,FALSE,,unsupervised,TRUE,univariate,10000,1,0.0401,5,1,100,100,0.467364328,1.760141646,,,20
GutenTAG,ecg-diff-count-5.supervised,ecg-diff-count-5/train_anomaly.csv,ecg-diff-count-5/test.csv,synthetic,FALSE,,supervised,TRUE,univariate,10000,1,0.0401,5,1,100,100,0.467364328,1.760141646,,,20
GutenTAG,ecg-diff-count-5.semi-supervised,ecg-diff-count-5/train_no_anomaly.csv,ecg-diff-count-5/test.csv,synthetic,FALSE,,semi-supervised,TRUE,univariate,10000,1,0.0401,5,1,100,100,0.467364328,1.760141646,,,20
GutenTAG,ecg-diff-count-6.unsupervised,,ecg-diff-count-6/test.csv,synthetic,FALSE,,unsupervised,TRUE,univariate,10000,1,0.0501,6,1,100,100,0.479830976,1.762061394,,,20
GutenTAG,ecg-diff-count-6.supervised,ecg-diff-count-6/train_anomaly.csv,ecg-diff-count-6/test.csv,synthetic,FALSE,,supervised,TRUE,univariate,10000,1,0.0501,6,1,100,100,0.479830976,1.762061394,,,20
GutenTAG,ecg-diff-count-6.semi-supervised,ecg-diff-count-6/train_no_anomaly.csv,ecg-diff-count-6/test.csv,synthetic,FALSE,,semi-supervised,TRUE,univariate,10000,1,0.0501,6,1,100,100,0.479830976,1.762061394,,,20
GutenTAG,ecg-diff-count-7.unsupervised,,ecg-diff-count-7/test.csv,synthetic,FALSE,,unsupervised,TRUE,univariate,10000,1,0.0601,7,1,100,100,0.471373957,1.75208362,,,20
GutenTAG,ecg-diff-count-7.supervised,ecg-diff-count-7/train_anomaly.csv,ecg-diff-count-7/test.csv,synthetic,FALSE,,supervised,TRUE,univariate,10000,1,0.0601,7,1,100,100,0.471373957,1.75208362,,,20
GutenTAG,ecg-diff-count-7.semi-supervised,ecg-diff-count-7/train_no_anomaly.csv,ecg-diff-count-7/test.csv,synthetic,FALSE,,semi-supervised,TRUE,univariate,10000,1,0.0601,7,1,100,100,0.471373957,1.75208362,,,20
GutenTAG,ecg-diff-count-8.unsupervised,,ecg-diff-count-8/test.csv,synthetic,FALSE,,unsupervised,TRUE,univariate,10000,1,0.0701,8,1,100,100,0.477102856,1.74605072,,,20
GutenTAG,ecg-diff-count-8.supervised,ecg-diff-count-8/train_anomaly.csv,ecg-diff-count-8/test.csv,synthetic,FALSE,,supervised,TRUE,univariate,10000,1,0.0701,8,1,100,100,0.477102856,1.74605072,,,20
GutenTAG,ecg-diff-count-8.semi-supervised,ecg-diff-count-8/train_no_anomaly.csv,ecg-diff-count-8/test.csv,synthetic,FALSE,,semi-supervised,TRUE,univariate,10000,1,0.0701,8,1,100,100,0.477102856,1.74605072,,,20
GutenTAG,ecg-diff-count-9.unsupervised,,ecg-diff-count-9/test.csv,synthetic,FALSE,,unsupervised,TRUE,univariate,10000,1,0.0801,9,1,100,100,0.476381752,1.7491818,,,20
GutenTAG,ecg-diff-count-9.supervised,ecg-diff-count-9/train_anomaly.csv,ecg-diff-count-9/test.csv,synthetic,FALSE,,supervised,TRUE,univariate,10000,1,0.0801,9,1,100,100,0.476381752,1.7491818,,,20
GutenTAG,ecg-diff-count-9.semi-supervised,ecg-diff-count-9/train_no_anomaly.csv,ecg-diff-count-9/test.csv,synthetic,FALSE,,semi-supervised,TRUE,univariate,10000,1,0.0801,9,1,100,100,0.476381752,1.7491818,,,20
GutenTAG,ecg-combined-diff-1.unsupervised,,ecg-combined-diff-1/test.csv,synthetic,FALSE,,unsupervised,TRUE,univariate,10000,1,0.06,6,100,100,100,9.139144609,5.542083465,polynomial,,100
GutenTAG,ecg-combined-diff-1.supervised,ecg-combined-diff-1/train_anomaly.csv,ecg-combined-diff-1/test.csv,synthetic,FALSE,,supervised,TRUE,univariate,10000,1,0.06,6,100,100,100,9.139144609,5.542083465,polynomial,,100
GutenTAG,ecg-combined-diff-1.semi-supervised,ecg-combined-diff-1/train_no_anomaly.csv,ecg-combined-diff-1/test.csv,synthetic,FALSE,,semi-supervised,TRUE,univariate,10000,1,0.06,6,100,100,100,9.139144609,5.542083465,polynomial,,100
GutenTAG,ecg-combined-diff-2.unsupervised,,ecg-combined-diff-2/test.csv,synthetic,FALSE,,unsupervised,TRUE,univariate,10000,1,0.07,6,100,100,200,0.50529372,1.759627444,,,15
GutenTAG,ecg-combined-diff-2.supervised,ecg-combined-diff-2/train_anomaly.csv,ecg-combined-diff-2/test.csv,synthetic,FALSE,,supervised,TRUE,univariate,10000,1,0.07,6,100,100,200,0.50529372,1.759627444,,,15
GutenTAG,ecg-combined-diff-2.semi-supervised,ecg-combined-diff-2/train_no_anomaly.csv,ecg-combined-diff-2/test.csv,synthetic,FALSE,,semi-supervised,TRUE,univariate,10000,1,0.07,6,100,100,200,0.50529372,1.759627444,,,15
GutenTAG,ecg-combined-diff-3.unsupervised,,ecg-combined-diff-3/test.csv,synthetic,FALSE,,unsupervised,TRUE,univariate,10000,1,0.0105,6,1,1,100,0.47371412,1.761336673,,,20
GutenTAG,ecg-combined-diff-3.supervised,ecg-combined-diff-3/train_anomaly.csv,ecg-combined-diff-3/test.csv,synthetic,FALSE,,supervised,TRUE,univariate,10000,1,0.0105,6,1,1,100,0.47371412,1.761336673,,,20
GutenTAG,ecg-combined-diff-3.semi-supervised,ecg-combined-diff-3/train_no_anomaly.csv,ecg-combined-diff-3/test.csv,synthetic,FALSE,,semi-supervised,TRUE,univariate,10000,1,0.0105,6,1,1,100,0.47371412,1.761336673,,,20
GutenTAG,ecg-length-1.unsupervised,,ecg-length-1/test.csv,synthetic,FALSE,,unsupervised,TRUE,univariate,10000,1,0.0001,1,1,1,1,0.465914249,1.765686876,,,20
GutenTAG,ecg-length-1.supervised,ecg-length-1/train_anomaly.csv,ecg-length-1/test.csv,synthetic,FALSE,,supervised,TRUE,univariate,10000,1,0.0001,1,1,1,1,0.465914249,1.765686876,,,20
GutenTAG,ecg-length-1.semi-supervised,ecg-length-1/train_no_anomaly.csv,ecg-length-1/test.csv,synthetic,FALSE,,semi-supervised,TRUE,univariate,10000,1,0.0001,1,1,1,1,0.465914249,1.765686876,,,20
GutenTAG,ecg-length-10.unsupervised,,ecg-length-10/test.csv,synthetic,FALSE,,unsupervised,TRUE,univariate,10000,1,0.001,1,10,10,10,0.462022638,1.760028049,,,20
GutenTAG,ecg-length-10.supervised,ecg-length-10/train_anomaly.csv,ecg-length-10/test.csv,synthetic,FALSE,,supervised,TRUE,univariate,10000,1,0.001,1,10,10,10,0.462022638,1.760028049,,,20
GutenTAG,ecg-length-10.semi-supervised,ecg-length-10/train_no_anomaly.csv,ecg-length-10/test.csv,synthetic,FALSE,,semi-supervised,TRUE,univariate,10000,1,0.001,1,10,10,10,0.462022638,1.760028049,,,20
GutenTAG,ecg-length-50.unsupervised,,ecg-length-50/test.csv,synthetic,FALSE,,unsupervised,TRUE,univariate,10000,1,0.005,1,50,50,50,0.463783509,1.760284628,,,20
GutenTAG,ecg-length-50.supervised,ecg-length-50/train_anomaly.csv,ecg-length-50/test.csv,synthetic,FALSE,,supervised,TRUE,univariate,10000,1,0.005,1,50,50,50,0.463783509,1.760284628,,,20
GutenTAG,ecg-length-50.semi-supervised,ecg-length-50/train_no_anomaly.csv,ecg-length-50/test.csv,synthetic,FALSE,,semi-supervised,TRUE,univariate,10000,1,0.005,1,50,50,50,0.463783509,1.760284628,,,20
GutenTAG,ecg-length-100.unsupervised,,ecg-length-100/test.csv,synthetic,FALSE,,unsupervised,TRUE,univariate,10000,1,0.01,1,100,100,100,0.463124262,1.760071473,,,20
GutenTAG,ecg-length-100.supervised,ecg-length-100/train_anomaly.csv,ecg-length-100/test.csv,synthetic,FALSE,,supervised,TRUE,univariate,10000,1,0.01,1,100,100,100,0.463124262,1.760071473,,,20
GutenTAG,ecg-length-100.semi-supervised,ecg-length-100/train_no_anomaly.csv,ecg-length-100/test.csv,synthetic,FALSE,,semi-supervised,TRUE,univariate,10000,1,0.01,1,100,100,100,0.463124262,1.760071473,,,20
GutenTAG,ecg-length-500.unsupervised,,ecg-length-500/test.csv,synthetic,FALSE,,unsupervised,TRUE,univariate,10000,1,0.05,1,500,500,500,0.46405749,1.759337958,,,20
GutenTAG,ecg-length-500.supervised,ecg-length-500/train_anomaly.csv,ecg-length-500/test.csv,synthetic,FALSE,,supervised,TRUE,univariate,10000,1,0.05,1,500,500,500,0.46405749,1.759337958,,,20
GutenTAG,ecg-length-500.semi-supervised,ecg-length-500/train_no_anomaly.csv,ecg-length-500/test.csv,synthetic,FALSE,,semi-supervised,TRUE,univariate,10000,1,0.05,1,500,500,500,0.46405749,1.759337958,,,20
GutenTAG,ecg-length-1000.unsupervised,,ecg-length-1000/test.csv,synthetic,FALSE,,unsupervised,TRUE,univariate,10000,1,0.1,1,1000,1000,1000,0.46438067,1.762168875,,,20
GutenTAG,ecg-length-1000.supervised,ecg-length-1000/train_anomaly.csv,ecg-length-1000/test.csv,synthetic,FALSE,,supervised,TRUE,univariate,10000,1,0.1,1,1000,1000,1000,0.46438067,1.762168875,,,20
GutenTAG,ecg-length-1000.semi-supervised,ecg-length-1000/train_no_anomaly.csv,ecg-length-1000/test.csv,synthetic,FALSE,,semi-supervised,TRUE,univariate,10000,1,0.1,1,1000,1000,1000,0.46438067,1.762168875,,,20
GutenTAG,ecg-trend-linear.unsupervised,,ecg-trend-linear/test.csv,synthetic,FALSE,,unsupervised,TRUE,univariate,10000,1,0.01,1,100,100,100,0.467534967,2.102365221,polynomial,,20
GutenTAG,ecg-trend-linear.supervised,ecg-trend-linear/train_anomaly.csv,ecg-trend-linear/test.csv,synthetic,FALSE,,supervised,TRUE,univariate,10000,1,0.01,1,100,100,100,0.467534967,2.102365221,polynomial,,20
GutenTAG,ecg-trend-linear.semi-supervised,ecg-trend-linear/train_no_anomaly.csv,ecg-trend-linear/test.csv,synthetic,FALSE,,semi-supervised,TRUE,univariate,10000,1,0.01,1,100,100,100,0.467534967,2.102365221,polynomial,,20
GutenTAG,ecg-trend-quadratic.unsupervised,,ecg-trend-quadratic/test.csv,synthetic,FALSE,,unsupervised,TRUE,univariate,10000,1,0.01,1,100,100,100,2.000280966,3.456422967,polynomial,,20
GutenTAG,ecg-trend-quadratic.supervised,ecg-trend-quadratic/train_anomaly.csv,ecg-trend-quadratic/test.csv,synthetic,FALSE,,supervised,TRUE,univariate,10000,1,0.01,1,100,100,100,2.000280966,3.456422967,polynomial,,20
GutenTAG,ecg-trend-quadratic.semi-supervised,ecg-trend-quadratic/train_no_anomaly.csv,ecg-trend-quadratic/test.csv,synthetic,FALSE,,semi-supervised,TRUE,univariate,10000,1,0.01,1,100,100,100,2.000280966,3.456422967,polynomial,,20
GutenTAG,ecg-trend-sinus.unsupervised,,ecg-trend-sinus/test.csv,synthetic,FALSE,,unsupervised,TRUE,univariate,10000,1,0.01,1,100,100,100,0.462490682,1.796117317,sinus,,20
GutenTAG,ecg-trend-sinus.supervised,ecg-trend-sinus/train_anomaly.csv,ecg-trend-sinus/test.csv,synthetic,FALSE,,supervised,TRUE,univariate,10000,1,0.01,1,100,100,100,0.462490682,1.796117317,sinus,,20
GutenTAG,ecg-trend-sinus.semi-supervised,ecg-trend-sinus/train_no_anomaly.csv,ecg-trend-sinus/test.csv,synthetic,FALSE,,semi-supervised,TRUE,univariate,10000,1,0.01,1,100,100,100,0.462490682,1.796117317,sinus,,20
GutenTAG,ecg-type-amplitude.unsupervised,,ecg-type-amplitude/test.csv,synthetic,FALSE,,unsupervised,TRUE,univariate,10000,1,0.01,1,100,100,100,0.475722177,1.778670048,,,15
GutenTAG,ecg-type-amplitude.supervised,ecg-type-amplitude/train_anomaly.csv,ecg-type-amplitude/test.csv,synthetic,FALSE,,supervised,TRUE,univariate,10000,1,0.01,1,100,100,100,0.475722177,1.778670048,,,15
GutenTAG,ecg-type-amplitude.semi-supervised,ecg-type-amplitude/train_no_anomaly.csv,ecg-type-amplitude/test.csv,synthetic,FALSE,,semi-supervised,TRUE,univariate,10000,1,0.01,1,100,100,100,0.475722177,1.778670048,,,15
GutenTAG,ecg-type-extremum.unsupervised,,ecg-type-extremum/test.csv,synthetic,FALSE,,unsupervised,TRUE,univariate,10000,1,0.0001,1,1,1,1,0.470281731,1.769509339,,,15
GutenTAG,ecg-type-extremum.supervised,ecg-type-extremum/train_anomaly.csv,ecg-type-extremum/test.csv,synthetic,FALSE,,supervised,TRUE,univariate,10000,1,0.0001,1,1,1,1,0.470281731,1.769509339,,,15
GutenTAG,ecg-type-extremum.semi-supervised,ecg-type-extremum/train_no_anomaly.csv,ecg-type-extremum/test.csv,synthetic,FALSE,,semi-supervised,TRUE,univariate,10000,1,0.0001,1,1,1,1,0.470281731,1.769509339,,,15
GutenTAG,ecg-type-frequency.unsupervised,,ecg-type-frequency/test.csv,synthetic,FALSE,,unsupervised,TRUE,univariate,10000,1,0.01,1,100,100,100,0.475931136,1.758275139,,,15
GutenTAG,ecg-type-frequency.supervised,ecg-type-frequency/train_anomaly.csv,ecg-type-frequency/test.csv,synthetic,FALSE,,supervised,TRUE,univariate,10000,1,0.01,1,100,100,100,0.475931136,1.758275139,,,15
GutenTAG,ecg-type-frequency.semi-supervised,ecg-type-frequency/train_no_anomaly.csv,ecg-type-frequency/test.csv,synthetic,FALSE,,semi-supervised,TRUE,univariate,10000,1,0.01,1,100,100,100,0.475931136,1.758275139,,,15
GutenTAG,ecg-type-mean.unsupervised,,ecg-type-mean/test.csv,synthetic,FALSE,,unsupervised,TRUE,univariate,10000,1,0.01,1,100,100,100,0.487031143,1.761963967,,,15
GutenTAG,ecg-type-mean.supervised,ecg-type-mean/train_anomaly.csv,ecg-type-mean/test.csv,synthetic,FALSE,,supervised,TRUE,univariate,10000,1,0.01,1,100,100,100,0.487031143,1.761963967,,,15
GutenTAG,ecg-type-mean.semi-supervised,ecg-type-mean/train_no_anomaly.csv,ecg-type-mean/test.csv,synthetic,FALSE,,semi-supervised,TRUE,univariate,10000,1,0.01,1,100,100,100,0.487031143,1.761963967,,,15
GutenTAG,ecg-type-pattern.unsupervised,,ecg-type-pattern/test.csv,synthetic,FALSE,,unsupervised,TRUE,univariate,10000,1,0.01,1,100,100,100,0.467366415,1.758730068,,,15
GutenTAG,ecg-type-pattern.supervised,ecg-type-pattern/train_anomaly.csv,ecg-type-pattern/test.csv,synthetic,FALSE,,supervised,TRUE,univariate,10000,1,0.01,1,100,100,100,0.467366415,1.758730068,,,15
GutenTAG,ecg-type-pattern.semi-supervised,ecg-type-pattern/train_no_anomaly.csv,ecg-type-pattern/test.csv,synthetic,FALSE,,semi-supervised,TRUE,univariate,10000,1,0.01,1,100,100,100,0.467366415,1.758730068,,,15
GutenTAG,ecg-type-pattern-shift.unsupervised,,ecg-type-pattern-shift/test.csv,synthetic,FALSE,,unsupervised,TRUE,univariate,10000,1,0.01,1,100,100,100,0.475859925,1.758389996,,,15
GutenTAG,ecg-type-pattern-shift.supervised,ecg-type-pattern-shift/train_anomaly.csv,ecg-type-pattern-shift/test.csv,synthetic,FALSE,,supervised,TRUE,univariate,10000,1,0.01,1,100,100,100,0.475859925,1.758389996,,,15
GutenTAG,ecg-type-pattern-shift.semi-supervised,ecg-type-pattern-shift/train_no_anomaly.csv,ecg-type-pattern-shift/test.csv,synthetic,FALSE,,semi-supervised,TRUE,univariate,10000,1,0.01,1,100,100,100,0.475859925,1.758389996,,,15
GutenTAG,ecg-type-platform.unsupervised,,ecg-type-platform/test.csv,synthetic,FALSE,,unsupervised,TRUE,univariate,10000,1,0.01,1,100,100,100,0.463151498,1.75026954,,,15
GutenTAG,ecg-type-platform.supervised,ecg-type-platform/train_anomaly.csv,ecg-type-platform/test.csv,synthetic,FALSE,,supervised,TRUE,univariate,10000,1,0.01,1,100,100,100,0.463151498,1.75026954,,,15
GutenTAG,ecg-type-platform.semi-supervised,ecg-type-platform/train_no_anomaly.csv,ecg-type-platform/test.csv,synthetic,FALSE,,semi-supervised,TRUE,univariate,10000,1,0.01,1,100,100,100,0.463151498,1.75026954,,,15
GutenTAG,ecg-type-trend.unsupervised,,ecg-type-trend/test.csv,synthetic,FALSE,,unsupervised,TRUE,univariate,10000,1,0.01,1,100,100,100,0.631483762,1.770236438,,,15
GutenTAG,ecg-type-trend.supervised,ecg-type-trend/train_anomaly.csv,ecg-type-trend/test.csv,synthetic,FALSE,,supervised,TRUE,univariate,10000,1,0.01,1,100,100,100,0.631483762,1.770236438,,,15
GutenTAG,ecg-type-trend.semi-supervised,ecg-type-trend/train_no_anomaly.csv,ecg-type-trend/test.csv,synthetic,FALSE,,semi-supervised,TRUE,univariate,10000,1,0.01,1,100,100,100,0.631483762,1.770236438,,,15
GutenTAG,ecg-type-variance.unsupervised,,ecg-type-variance/test.csv,synthetic,FALSE,,unsupervised,TRUE,univariate,10000,1,0.01,1,100,100,100,0.465496618,1.758128802,,,15
GutenTAG,ecg-type-variance.supervised,ecg-type-variance/train_anomaly.csv,ecg-type-variance/test.csv,synthetic,FALSE,,supervised,TRUE,univariate,10000,1,0.01,1,100,100,100,0.465496618,1.758128802,,,15
GutenTAG,ecg-type-variance.semi-supervised,ecg-type-variance/train_no_anomaly.csv,ecg-type-variance/test.csv,synthetic,FALSE,,semi-supervised,TRUE,univariate,10000,1,0.01,1,100,100,100,0.465496618,1.758128802,,,15
GutenTAG,cbf-same-count-1.unsupervised,,cbf-same-count-1/test.csv,synthetic,FALSE,,unsupervised,TRUE,univariate,10000,1,0.01,1,100,100,100,12.50273798,2.81167091,,,
GutenTAG,cbf-same-count-1.supervised,cbf-same-count-1/train_anomaly.csv,cbf-same-count-1/test.csv,synthetic,FALSE,,supervised,TRUE,univariate,10000,1,0.01,1,100,100,100,12.50273798,2.81167091,,,
GutenTAG,cbf-same-count-1.semi-supervised,cbf-same-count-1/train_no_anomaly.csv,cbf-same-count-1/test.csv,synthetic,FALSE,,semi-supervised,TRUE,univariate,10000,1,0.01,1,100,100,100,12.50273798,2.81167091,,,
GutenTAG,cbf-same-count-2.unsupervised,,cbf-same-count-2/test.csv,synthetic,FALSE,,unsupervised,TRUE,univariate,10000,1,0.02,2,100,100,100,12.40710878,2.898652692,,,
GutenTAG,cbf-same-count-2.supervised,cbf-same-count-2/train_anomaly.csv,cbf-same-count-2/test.csv,synthetic,FALSE,,supervised,TRUE,univariate,10000,1,0.02,2,100,100,100,12.40710878,2.898652692,,,
GutenTAG,cbf-same-count-2.semi-supervised,cbf-same-count-2/train_no_anomaly.csv,cbf-same-count-2/test.csv,synthetic,FALSE,,semi-supervised,TRUE,univariate,10000,1,0.02,2,100,100,100,12.40710878,2.898652692,,,
GutenTAG,cbf-same-count-5.unsupervised,,cbf-same-count-5/test.csv,synthetic,FALSE,,unsupervised,TRUE,univariate,10000,1,0.05,5,100,100,100,12.46061877,3.481696149,,,
GutenTAG,cbf-same-count-5.supervised,cbf-same-count-5/train_anomaly.csv,cbf-same-count-5/test.csv,synthetic,FALSE,,supervised,TRUE,univariate,10000,1,0.05,5,100,100,100,12.46061877,3.481696149,,,
GutenTAG,cbf-same-count-5.semi-supervised,cbf-same-count-5/train_no_anomaly.csv,cbf-same-count-5/test.csv,synthetic,FALSE,,semi-supervised,TRUE,univariate,10000,1,0.05,5,100,100,100,12.46061877,3.481696149,,,
GutenTAG,cbf-same-count-10.unsupervised,,cbf-same-count-10/test.csv,synthetic,FALSE,,unsupervised,TRUE,univariate,10000,1,0.1,10,100,100,100,11.94778263,2.764198994,,,
GutenTAG,cbf-same-count-10.supervised,cbf-same-count-10/train_anomaly.csv,cbf-same-count-10/test.csv,synthetic,FALSE,,supervised,TRUE,univariate,10000,1,0.1,10,100,100,100,11.94778263,2.764198994,,,
GutenTAG,cbf-same-count-10.semi-supervised,cbf-same-count-10/train_no_anomaly.csv,cbf-same-count-10/test.csv,synthetic,FALSE,,semi-supervised,TRUE,univariate,10000,1,0.1,10,100,100,100,11.94778263,2.764198994,,,
GutenTAG,cbf-diff-count-1.unsupervised,,cbf-diff-count-1/test.csv,synthetic,FALSE,,unsupervised,TRUE,univariate,10000,1,0.01,1,100,100,100,12.24625848,3.476618125,,,
GutenTAG,cbf-diff-count-1.supervised,cbf-diff-count-1/train_anomaly.csv,cbf-diff-count-1/test.csv,synthetic,FALSE,,supervised,TRUE,univariate,10000,1,0.01,1,100,100,100,12.24625848,3.476618125,,,
GutenTAG,cbf-diff-count-1.semi-supervised,cbf-diff-count-1/train_no_anomaly.csv,cbf-diff-count-1/test.csv,synthetic,FALSE,,semi-supervised,TRUE,univariate,10000,1,0.01,1,100,100,100,12.24625848,3.476618125,,,
GutenTAG,cbf-diff-count-2.unsupervised,,cbf-diff-count-2/test.csv,synthetic,FALSE,,unsupervised,TRUE,univariate,10000,1,0.0101,2,1,50.5,100,12.34085948,3.125498132,,,
GutenTAG,cbf-diff-count-2.supervised,cbf-diff-count-2/train_anomaly.csv,cbf-diff-count-2/test.csv,synthetic,FALSE,,supervised,TRUE,univariate,10000,1,0.0101,2,1,50.5,100,12.34085948,3.125498132,,,
GutenTAG,cbf-diff-count-2.semi-supervised,cbf-diff-count-2/train_no_anomaly.csv,cbf-diff-count-2/test.csv,synthetic,FALSE,,semi-supervised,TRUE,univariate,10000,1,0.0101,2,1,50.5,100,12.34085948,3.125498132,,,
GutenTAG,cbf-diff-count-3.unsupervised,,cbf-diff-count-3/test.csv,synthetic,FALSE,,unsupervised,TRUE,univariate,10000,1,0.0201,3,1,100,100,12.57913323,3.356753937,,,
GutenTAG,cbf-diff-count-3.supervised,cbf-diff-count-3/train_anomaly.csv,cbf-diff-count-3/test.csv,synthetic,FALSE,,supervised,TRUE,univariate,10000,1,0.0201,3,1,100,100,12.57913323,3.356753937,,,
GutenTAG,cbf-diff-count-3.semi-supervised,cbf-diff-count-3/train_no_anomaly.csv,cbf-diff-count-3/test.csv,synthetic,FALSE,,semi-supervised,TRUE,univariate,10000,1,0.0201,3,1,100,100,12.57913323,3.356753937,,,
GutenTAG,cbf-diff-count-4.unsupervised,,cbf-diff-count-4/test.csv,synthetic,FALSE,,unsupervised,TRUE,univariate,10000,1,0.0301,4,1,100,100,12.32595611,3.326794732,,,
GutenTAG,cbf-diff-count-4.supervised,cbf-diff-count-4/train_anomaly.csv,cbf-diff-count-4/test.csv,synthetic,FALSE,,supervised,TRUE,univariate,10000,1,0.0301,4,1,100,100,12.32595611,3.326794732,,,
GutenTAG,cbf-diff-count-4.semi-supervised,cbf-diff-count-4/train_no_anomaly.csv,cbf-diff-count-4/test.csv,synthetic,FALSE,,semi-supervised,TRUE,univariate,10000,1,0.0301,4,1,100,100,12.32595611,3.326794732,,,
GutenTAG,cbf-diff-count-5.unsupervised,,cbf-diff-count-5/test.csv,synthetic,FALSE,,unsupervised,TRUE,univariate,10000,1,0.0401,5,1,100,100,11.91076018,3.71521399,,,
GutenTAG,cbf-diff-count-5.supervised,cbf-diff-count-5/train_anomaly.csv,cbf-diff-count-5/test.csv,synthetic,FALSE,,supervised,TRUE,univariate,10000,1,0.0401,5,1,100,100,11.91076018,3.71521399,,,
GutenTAG,cbf-diff-count-5.semi-supervised,cbf-diff-count-5/train_no_anomaly.csv,cbf-diff-count-5/test.csv,synthetic,FALSE,,semi-supervised,TRUE,univariate,10000,1,0.0401,5,1,100,100,11.91076018,3.71521399,,,
GutenTAG,cbf-diff-count-6.unsupervised,,cbf-diff-count-6/test.csv,synthetic,FALSE,,unsupervised,TRUE,univariate,10000,1,0.0501,6,1,100,100,11.90434003,3.340089625,,,
GutenTAG,cbf-diff-count-6.supervised,cbf-diff-count-6/train_anomaly.csv,cbf-diff-count-6/test.csv,synthetic,FALSE,,supervised,TRUE,univariate,10000,1,0.0501,6,1,100,100,11.90434003,3.340089625,,,
GutenTAG,cbf-diff-count-6.semi-supervised,cbf-diff-count-6/train_no_anomaly.csv,cbf-diff-count-6/test.csv,synthetic,FALSE,,semi-supervised,TRUE,univariate,10000,1,0.0501,6,1,100,100,11.90434003,3.340089625,,,
GutenTAG,cbf-diff-count-7.unsupervised,,cbf-diff-count-7/test.csv,synthetic,FALSE,,unsupervised,TRUE,univariate,10000,1,0.0601,7,1,100,100,12.62165151,3.375320016,,,
GutenTAG,cbf-diff-count-7.supervised,cbf-diff-count-7/train_anomaly.csv,cbf-diff-count-7/test.csv,synthetic,FALSE,,supervised,TRUE,univariate,10000,1,0.0601,7,1,100,100,12.62165151,3.375320016,,,
GutenTAG,cbf-diff-count-7.semi-supervised,cbf-diff-count-7/train_no_anomaly.csv,cbf-diff-count-7/test.csv,synthetic,FALSE,,semi-supervised,TRUE,univariate,10000,1,0.0601,7,1,100,100,12.62165151,3.375320016,,,
GutenTAG,cbf-combined-diff-1.unsupervised,,cbf-combined-diff-1/test.csv,synthetic,FALSE,,unsupervised,TRUE,univariate,10000,1,0.06,6,100,100,100,12.40197938,3.567649495,,,
GutenTAG,cbf-combined-diff-1.supervised,cbf-combined-diff-1/train_anomaly.csv,cbf-combined-diff-1/test.csv,synthetic,FALSE,,supervised,TRUE,univariate,10000,1,0.06,6,100,100,100,12.40197938,3.567649495,,,
GutenTAG,cbf-combined-diff-1.semi-supervised,cbf-combined-diff-1/train_no_anomaly.csv,cbf-combined-diff-1/test.csv,synthetic,FALSE,,semi-supervised,TRUE,univariate,10000,1,0.06,6,100,100,100,12.40197938,3.567649495,,,
GutenTAG,cbf-combined-diff-2.unsupervised,,cbf-combined-diff-2/test.csv,synthetic,FALSE,,unsupervised,TRUE,univariate,10000,1,0.07,6,100,100,200,12.40247306,2.79734015,,,
GutenTAG,cbf-combined-diff-2.supervised,cbf-combined-diff-2/train_anomaly.csv,cbf-combined-diff-2/test.csv,synthetic,FALSE,,supervised,TRUE,univariate,10000,1,0.07,6,100,100,200,12.40247306,2.79734015,,,
GutenTAG,cbf-combined-diff-2.semi-supervised,cbf-combined-diff-2/train_no_anomaly.csv,cbf-combined-diff-2/test.csv,synthetic,FALSE,,semi-supervised,TRUE,univariate,10000,1,0.07,6,100,100,200,12.40247306,2.79734015,,,
GutenTAG,cbf-combined-diff-3.unsupervised,,cbf-combined-diff-3/test.csv,synthetic,FALSE,,unsupervised,TRUE,univariate,10000,1,0.0105,6,1,1,100,-3.046443981,0.602818693,,,
GutenTAG,cbf-combined-diff-3.supervised,cbf-combined-diff-3/train_anomaly.csv,cbf-combined-diff-3/test.csv,synthetic,FALSE,,supervised,TRUE,univariate,10000,1,0.0105,6,1,1,100,-3.046443981,0.602818693,,,
GutenTAG,cbf-combined-diff-3.semi-supervised,cbf-combined-diff-3/train_no_anomaly.csv,cbf-combined-diff-3/test.csv,synthetic,FALSE,,semi-supervised,TRUE,univariate,10000,1,0.0105,6,1,1,100,-3.046443981,0.602818693,,,
GutenTAG,cbf-length-1.unsupervised,,cbf-length-1/test.csv,synthetic,FALSE,,unsupervised,TRUE,univariate,10000,1,0.0001,1,1,1,1,-2.888470992,0.59131235,,,
GutenTAG,cbf-length-1.supervised,cbf-length-1/train_anomaly.csv,cbf-length-1/test.csv,synthetic,FALSE,,supervised,TRUE,univariate,10000,1,0.0001,1,1,1,1,-2.888470992,0.59131235,,,
GutenTAG,cbf-length-1.semi-supervised,cbf-length-1/train_no_anomaly.csv,cbf-length-1/test.csv,synthetic,FALSE,,semi-supervised,TRUE,univariate,10000,1,0.0001,1,1,1,1,-2.888470992,0.59131235,,,
GutenTAG,cbf-length-10.unsupervised,,cbf-length-10/test.csv,synthetic,FALSE,,unsupervised,TRUE,univariate,10000,1,0.001,1,10,10,10,-2.988651014,0.591417726,,,
GutenTAG,cbf-length-10.supervised,cbf-length-10/train_anomaly.csv,cbf-length-10/test.csv,synthetic,FALSE,,supervised,TRUE,univariate,10000,1,0.001,1,10,10,10,-2.988651014,0.591417726,,,
GutenTAG,cbf-length-10.semi-supervised,cbf-length-10/train_no_anomaly.csv,cbf-length-10/test.csv,synthetic,FALSE,,semi-supervised,TRUE,univariate,10000,1,0.001,1,10,10,10,-2.988651014,0.591417726,,,
GutenTAG,cbf-length-50.unsupervised,,cbf-length-50/test.csv,synthetic,FALSE,,unsupervised,TRUE,univariate,10000,1,0.005,1,50,50,50,-3.073471947,0.585237335,,,
GutenTAG,cbf-length-50.supervised,cbf-length-50/train_anomaly.csv,cbf-length-50/test.csv,synthetic,FALSE,,supervised,TRUE,univariate,10000,1,0.005,1,50,50,50,-3.073471947,0.585237335,,,
GutenTAG,cbf-length-50.semi-supervised,cbf-length-50/train_no_anomaly.csv,cbf-length-50/test.csv,synthetic,FALSE,,semi-supervised,TRUE,univariate,10000,1,0.005,1,50,50,50,-3.073471947,0.585237335,,,
GutenTAG,cbf-length-100.unsupervised,,cbf-length-100/test.csv,synthetic,FALSE,,unsupervised,TRUE,univariate,10000,1,0.01,1,100,100,100,-3.040956186,0.604999885,,,
GutenTAG,cbf-length-100.supervised,cbf-length-100/train_anomaly.csv,cbf-length-100/test.csv,synthetic,FALSE,,supervised,TRUE,univariate,10000,1,0.01,1,100,100,100,-3.040956186,0.604999885,,,
GutenTAG,cbf-length-100.semi-supervised,cbf-length-100/train_no_anomaly.csv,cbf-length-100/test.csv,synthetic,FALSE,,semi-supervised,TRUE,univariate,10000,1,0.01,1,100,100,100,-3.040956186,0.604999885,,,
GutenTAG,cbf-length-500.unsupervised,,cbf-length-500/test.csv,synthetic,FALSE,,unsupervised,TRUE,univariate,10000,1,0.05,1,500,500,500,-3.018778561,0.621843479,,,
GutenTAG,cbf-length-500.supervised,cbf-length-500/train_anomaly.csv,cbf-length-500/test.csv,synthetic,FALSE,,supervised,TRUE,univariate,10000,1,0.05,1,500,500,500,-3.018778561,0.621843479,,,
GutenTAG,cbf-length-500.semi-supervised,cbf-length-500/train_no_anomaly.csv,cbf-length-500/test.csv,synthetic,FALSE,,semi-supervised,TRUE,univariate,10000,1,0.05,1,500,500,500,-3.018778561,0.621843479,,,
GutenTAG,cbf-length-1000.unsupervised,,cbf-length-1000/test.csv,synthetic,FALSE,,unsupervised,TRUE,univariate,10000,1,0.1,1,1000,1000,1000,-2.915676217,0.619527525,,,
GutenTAG,cbf-length-1000.supervised,cbf-length-1000/train_anomaly.csv,cbf-length-1000/test.csv,synthetic,FALSE,,supervised,TRUE,univariate,10000,1,0.1,1,1000,1000,1000,-2.915676217,0.619527525,,,
GutenTAG,cbf-length-1000.semi-supervised,cbf-length-1000/train_no_anomaly.csv,cbf-length-1000/test.csv,synthetic,FALSE,,semi-supervised,TRUE,univariate,10000,1,0.1,1,1000,1000,1000,-2.915676217,0.619527525,,,
GutenTAG,cbf-trend-linear.unsupervised,,cbf-trend-linear/test.csv,synthetic,FALSE,,unsupervised,TRUE,univariate,10000,1,0.01,1,100,100,100,-4.796003035,0.627759386,polynomial,,
GutenTAG,cbf-trend-linear.supervised,cbf-trend-linear/train_anomaly.csv,cbf-trend-linear/test.csv,synthetic,FALSE,,supervised,TRUE,univariate,10000,1,0.01,1,100,100,100,-4.796003035,0.627759386,polynomial,,
GutenTAG,cbf-trend-linear.semi-supervised,cbf-trend-linear/train_no_anomaly.csv,cbf-trend-linear/test.csv,synthetic,FALSE,,semi-supervised,TRUE,univariate,10000,1,0.01,1,100,100,100,-4.796003035,0.627759386,polynomial,,
GutenTAG,cbf-trend-quadratic.unsupervised,,cbf-trend-quadratic/test.csv,synthetic,FALSE,,unsupervised,TRUE,univariate,10000,1,0.01,1,100,100,100,-1.486137774,2.977316977,polynomial,,
GutenTAG,cbf-trend-quadratic.supervised,cbf-trend-quadratic/train_anomaly.csv,cbf-trend-quadratic/test.csv,synthetic,FALSE,,supervised,TRUE,univariate,10000,1,0.01,1,100,100,100,-1.486137774,2.977316977,polynomial,,
GutenTAG,cbf-trend-quadratic.semi-supervised,cbf-trend-quadratic/train_no_anomaly.csv,cbf-trend-quadratic/test.csv,synthetic,FALSE,,semi-supervised,TRUE,univariate,10000,1,0.01,1,100,100,100,-1.486137774,2.977316977,polynomial,,
GutenTAG,cbf-trend-sinus.unsupervised,,cbf-trend-sinus/test.csv,synthetic,FALSE,,unsupervised,TRUE,univariate,10000,1,0.01,1,100,100,100,-3.094487445,0.766097396,sinus,,
GutenTAG,cbf-trend-sinus.supervised,cbf-trend-sinus/train_anomaly.csv,cbf-trend-sinus/test.csv,synthetic,FALSE,,supervised,TRUE,univariate,10000,1,0.01,1,100,100,100,-3.094487445,0.766097396,sinus,,
GutenTAG,cbf-trend-sinus.semi-supervised,cbf-trend-sinus/train_no_anomaly.csv,cbf-trend-sinus/test.csv,synthetic,FALSE,,semi-supervised,TRUE,univariate,10000,1,0.01,1,100,100,100,-3.094487445,0.766097396,sinus,,
GutenTAG,cbf-type-amplitude.unsupervised,,cbf-type-amplitude/test.csv,synthetic,FALSE,,unsupervised,TRUE,univariate,10000,1,0.01,1,100,100,100,-2.945502928,0.565104891,,,
GutenTAG,cbf-type-amplitude.supervised,cbf-type-amplitude/train_anomaly.csv,cbf-type-amplitude/test.csv,synthetic,FALSE,,supervised,TRUE,univariate,10000,1,0.01,1,100,100,100,-2.945502928,0.565104891,,,
GutenTAG,cbf-type-amplitude.semi-supervised,cbf-type-amplitude/train_no_anomaly.csv,cbf-type-amplitude/test.csv,synthetic,FALSE,,semi-supervised,TRUE,univariate,10000,1,0.01,1,100,100,100,-2.945502928,0.565104891,,,
GutenTAG,cbf-type-extremum.unsupervised,,cbf-type-extremum/test.csv,synthetic,FALSE,,unsupervised,TRUE,univariate,10000,1,0.0001,1,1,1,1,-2.994884841,0.592483464,,,
GutenTAG,cbf-type-extremum.supervised,cbf-type-extremum/train_anomaly.csv,cbf-type-extremum/test.csv,synthetic,FALSE,,supervised,TRUE,univariate,10000,1,0.0001,1,1,1,1,-2.994884841,0.592483464,,,
GutenTAG,cbf-type-extremum.semi-supervised,cbf-type-extremum/train_no_anomaly.csv,cbf-type-extremum/test.csv,synthetic,FALSE,,semi-supervised,TRUE,univariate,10000,1,0.0001,1,1,1,1,-2.994884841,0.592483464,,,
GutenTAG,cbf-type-mean.unsupervised,,cbf-type-mean/test.csv,synthetic,FALSE,,unsupervised,TRUE,univariate,10000,1,0.01,1,100,100,100,-2.997495715,0.606241228,,,
GutenTAG,cbf-type-mean.supervised,cbf-type-mean/train_anomaly.csv,cbf-type-mean/test.csv,synthetic,FALSE,,supervised,TRUE,univariate,10000,1,0.01,1,100,100,100,-2.997495715,0.606241228,,,
GutenTAG,cbf-type-mean.semi-supervised,cbf-type-mean/train_no_anomaly.csv,cbf-type-mean/test.csv,synthetic,FALSE,,semi-supervised,TRUE,univariate,10000,1,0.01,1,100,100,100,-2.997495715,0.606241228,,,
GutenTAG,cbf-type-pattern.unsupervised,,cbf-type-pattern/test.csv,synthetic,FALSE,,unsupervised,TRUE,univariate,10000,1,0.01,1,100,100,100,-2.953814884,0.614418469,,,
GutenTAG,cbf-type-pattern.supervised,cbf-type-pattern/train_anomaly.csv,cbf-type-pattern/test.csv,synthetic,FALSE,,supervised,TRUE,univariate,10000,1,0.01,1,100,100,100,-2.953814884,0.614418469,,,
GutenTAG,cbf-type-pattern.semi-supervised,cbf-type-pattern/train_no_anomaly.csv,cbf-type-pattern/test.csv,synthetic,FALSE,,semi-supervised,TRUE,univariate,10000,1,0.01,1,100,100,100,-2.953814884,0.614418469,,,
GutenTAG,cbf-type-platform.unsupervised,,cbf-type-platform/test.csv,synthetic,FALSE,,unsupervised,TRUE,univariate,10000,1,0.01,1,100,100,100,-3.006967677,0.621098963,,,
GutenTAG,cbf-type-platform.supervised,cbf-type-platform/train_anomaly.csv,cbf-type-platform/test.csv,synthetic,FALSE,,supervised,TRUE,univariate,10000,1,0.01,1,100,100,100,-3.006967677,0.621098963,,,
GutenTAG,cbf-type-platform.semi-supervised,cbf-type-platform/train_no_anomaly.csv,cbf-type-platform/test.csv,synthetic,FALSE,,semi-supervised,TRUE,univariate,10000,1,0.01,1,100,100,100,-3.006967677,0.621098963,,,
GutenTAG,cbf-type-trend.unsupervised,,cbf-type-trend/test.csv,synthetic,FALSE,,unsupervised,TRUE,univariate,10000,1,0.01,1,100,100,100,-2.835972964,0.57099652,,,
GutenTAG,cbf-type-trend.supervised,cbf-type-trend/train_anomaly.csv,cbf-type-trend/test.csv,synthetic,FALSE,,supervised,TRUE,univariate,10000,1,0.01,1,100,100,100,-2.835972964,0.57099652,,,
GutenTAG,cbf-type-trend.semi-supervised,cbf-type-trend/train_no_anomaly.csv,cbf-type-trend/test.csv,synthetic,FALSE,,semi-supervised,TRUE,univariate,10000,1,0.01,1,100,100,100,-2.835972964,0.57099652,,,
GutenTAG,cbf-type-variance.unsupervised,,cbf-type-variance/test.csv,synthetic,FALSE,,unsupervised,TRUE,univariate,10000,1,0.01,1,100,100,100,-2.999445024,0.605311604,,,
GutenTAG,cbf-type-variance.supervised,cbf-type-variance/train_anomaly.csv,cbf-type-variance/test.csv,synthetic,FALSE,,supervised,TRUE,univariate,10000,1,0.01,1,100,100,100,-2.999445024,0.605311604,,,
GutenTAG,cbf-type-variance.semi-supervised,cbf-type-variance/train_no_anomaly.csv,cbf-type-variance/test.csv,synthetic,FALSE,,semi-supervised,TRUE,univariate,10000,1,0.01,1,100,100,100,-2.999445024,0.605311604,,,
GutenTAG,rw-same-count-1.unsupervised,,rw-same-count-1/test.csv,synthetic,FALSE,,unsupervised,TRUE,univariate,10000,1,0.01,1,100,100,100,-1.775351809,1.363100971,,,
GutenTAG,rw-same-count-1.supervised,rw-same-count-1/train_anomaly.csv,rw-same-count-1/test.csv,synthetic,FALSE,,supervised,TRUE,univariate,10000,1,0.01,1,100,100,100,-1.775351809,1.363100971,,,
GutenTAG,rw-same-count-1.semi-supervised,rw-same-count-1/train_no_anomaly.csv,rw-same-count-1/test.csv,synthetic,FALSE,,semi-supervised,TRUE,univariate,10000,1,0.01,1,100,100,100,-1.775351809,1.363100971,,,
GutenTAG,rw-same-count-2.unsupervised,,rw-same-count-2/test.csv,synthetic,FALSE,,unsupervised,TRUE,univariate,10000,1,0.02,2,100,100,100,-1.810224519,1.579784059,,,
GutenTAG,rw-same-count-2.supervised,rw-same-count-2/train_anomaly.csv,rw-same-count-2/test.csv,synthetic,FALSE,,supervised,TRUE,univariate,10000,1,0.02,2,100,100,100,-1.810224519,1.579784059,,,
GutenTAG,rw-same-count-2.semi-supervised,rw-same-count-2/train_no_anomaly.csv,rw-same-count-2/test.csv,synthetic,FALSE,,semi-supervised,TRUE,univariate,10000,1,0.02,2,100,100,100,-1.810224519,1.579784059,,,
GutenTAG,rw-same-count-5.unsupervised,,rw-same-count-5/test.csv,synthetic,FALSE,,unsupervised,TRUE,univariate,10000,1,0.05,5,100,100,100,-1.914280933,1.49240409,,,
GutenTAG,rw-same-count-5.supervised,rw-same-count-5/train_anomaly.csv,rw-same-count-5/test.csv,synthetic,FALSE,,supervised,TRUE,univariate,10000,1,0.05,5,100,100,100,-1.914280933,1.49240409,,,
GutenTAG,rw-same-count-5.semi-supervised,rw-same-count-5/train_no_anomaly.csv,rw-same-count-5/test.csv,synthetic,FALSE,,semi-supervised,TRUE,univariate,10000,1,0.05,5,100,100,100,-1.914280933,1.49240409,,,
GutenTAG,rw-same-count-10.unsupervised,,rw-same-count-10/test.csv,synthetic,FALSE,,unsupervised,TRUE,univariate,10000,1,0.1,10,100,100,100,-2.012583614,1.665093009,,,
GutenTAG,rw-same-count-10.supervised,rw-same-count-10/train_anomaly.csv,rw-same-count-10/test.csv,synthetic,FALSE,,supervised,TRUE,univariate,10000,1,0.1,10,100,100,100,-2.012583614,1.665093009,,,
GutenTAG,rw-same-count-10.semi-supervised,rw-same-count-10/train_no_anomaly.csv,rw-same-count-10/test.csv,synthetic,FALSE,,semi-supervised,TRUE,univariate,10000,1,0.1,10,100,100,100,-2.012583614,1.665093009,,,
GutenTAG,rw-diff-count-1.unsupervised,,rw-diff-count-1/test.csv,synthetic,FALSE,,unsupervised,TRUE,univariate,10000,1,0.0001,1,1,1,1,-2.587796016,1.163683144,,,
GutenTAG,rw-diff-count-1.supervised,rw-diff-count-1/train_anomaly.csv,rw-diff-count-1/test.csv,synthetic,FALSE,,supervised,TRUE,univariate,10000,1,0.0001,1,1,1,1,-2.587796016,1.163683144,,,
GutenTAG,rw-diff-count-1.semi-supervised,rw-diff-count-1/train_no_anomaly.csv,rw-diff-count-1/test.csv,synthetic,FALSE,,semi-supervised,TRUE,univariate,10000,1,0.0001,1,1,1,1,-2.587796016,1.163683144,,,
GutenTAG,rw-diff-count-2.unsupervised,,rw-diff-count-2/test.csv,synthetic,FALSE,,unsupervised,TRUE,univariate,10000,1,0.0101,2,1,50.5,100,-1.328535087,1.569975098,,,
GutenTAG,rw-diff-count-2.supervised,rw-diff-count-2/train_anomaly.csv,rw-diff-count-2/test.csv,synthetic,FALSE,,supervised,TRUE,univariate,10000,1,0.0101,2,1,50.5,100,-1.328535087,1.569975098,,,
GutenTAG,rw-diff-count-2.semi-supervised,rw-diff-count-2/train_no_anomaly.csv,rw-diff-count-2/test.csv,synthetic,FALSE,,semi-supervised,TRUE,univariate,10000,1,0.0101,2,1,50.5,100,-1.328535087,1.569975098,,,
GutenTAG,rw-diff-count-3.unsupervised,,rw-diff-count-3/test.csv,synthetic,FALSE,,unsupervised,TRUE,univariate,10000,1,0.0201,3,1,100,100,-2.469416118,1.4494118,,,
GutenTAG,rw-diff-count-3.supervised,rw-diff-count-3/train_anomaly.csv,rw-diff-count-3/test.csv,synthetic,FALSE,,supervised,TRUE,univariate,10000,1,0.0201,3,1,100,100,-2.469416118,1.4494118,,,
GutenTAG,rw-diff-count-3.semi-supervised,rw-diff-count-3/train_no_anomaly.csv,rw-diff-count-3/test.csv,synthetic,FALSE,,semi-supervised,TRUE,univariate,10000,1,0.0201,3,1,100,100,-2.469416118,1.4494118,,,
GutenTAG,rw-diff-count-4.unsupervised,,rw-diff-count-4/test.csv,synthetic,FALSE,,unsupervised,TRUE,univariate,10000,1,0.0301,4,1,100,100,-1.681903969,1.170000691,,,
GutenTAG,rw-diff-count-4.supervised,rw-diff-count-4/train_anomaly.csv,rw-diff-count-4/test.csv,synthetic,FALSE,,supervised,TRUE,univariate,10000,1,0.0301,4,1,100,100,-1.681903969,1.170000691,,,
GutenTAG,rw-diff-count-4.semi-supervised,rw-diff-count-4/train_no_anomaly.csv,rw-diff-count-4/test.csv,synthetic,FALSE,,semi-supervised,TRUE,univariate,10000,1,0.0301,4,1,100,100,-1.681903969,1.170000691,,,
GutenTAG,rw-diff-count-5.unsupervised,,rw-diff-count-5/test.csv,synthetic,FALSE,,unsupervised,TRUE,univariate,10000,1,0.0401,5,1,100,100,-1.997901964,1.439437063,,,
GutenTAG,rw-diff-count-5.supervised,rw-diff-count-5/train_anomaly.csv,rw-diff-count-5/test.csv,synthetic,FALSE,,supervised,TRUE,univariate,10000,1,0.0401,5,1,100,100,-1.997901964,1.439437063,,,
GutenTAG,rw-diff-count-5.semi-supervised,rw-diff-count-5/train_no_anomaly.csv,rw-diff-count-5/test.csv,synthetic,FALSE,,semi-supervised,TRUE,univariate,10000,1,0.0401,5,1,100,100,-1.997901964,1.439437063,,,
GutenTAG,rw-diff-count-6.unsupervised,,rw-diff-count-6/test.csv,synthetic,FALSE,,unsupervised,TRUE,univariate,10000,1,0.0501,6,1,100,100,-1.42467243,1.351613296,,,
GutenTAG,rw-diff-count-6.supervised,rw-diff-count-6/train_anomaly.csv,rw-diff-count-6/test.csv,synthetic,FALSE,,supervised,TRUE,univariate,10000,1,0.0501,6,1,100,100,-1.42467243,1.351613296,,,
GutenTAG,rw-diff-count-6.semi-supervised,rw-diff-count-6/train_no_anomaly.csv,rw-diff-count-6/test.csv,synthetic,FALSE,,semi-supervised,TRUE,univariate,10000,1,0.0501,6,1,100,100,-1.42467243,1.351613296,,,
GutenTAG,rw-combined-diff-1.unsupervised,,rw-combined-diff-1/test.csv,synthetic,FALSE,,unsupervised,TRUE,univariate,10000,1,0.06,6,100,100,100,-2.054927856,1.409186752,,,
GutenTAG,rw-combined-diff-1.supervised,rw-combined-diff-1/train_anomaly.csv,rw-combined-diff-1/test.csv,synthetic,FALSE,,supervised,TRUE,univariate,10000,1,0.06,6,100,100,100,-2.054927856,1.409186752,,,
GutenTAG,rw-combined-diff-1.semi-supervised,rw-combined-diff-1/train_no_anomaly.csv,rw-combined-diff-1/test.csv,synthetic,FALSE,,semi-supervised,TRUE,univariate,10000,1,0.06,6,100,100,100,-2.054927856,1.409186752,,,
GutenTAG,rw-combined-diff-2.unsupervised,,rw-combined-diff-2/test.csv,synthetic,FALSE,,unsupervised,TRUE,univariate,10000,1,0.07,6,100,100,200,-1.971244636,1.571228865,,,
GutenTAG,rw-combined-diff-2.supervised,rw-combined-diff-2/train_anomaly.csv,rw-combined-diff-2/test.csv,synthetic,FALSE,,supervised,TRUE,univariate,10000,1,0.07,6,100,100,200,-1.971244636,1.571228865,,,
GutenTAG,rw-combined-diff-2.semi-supervised,rw-combined-diff-2/train_no_anomaly.csv,rw-combined-diff-2/test.csv,synthetic,FALSE,,semi-supervised,TRUE,univariate,10000,1,0.07,6,100,100,200,-1.971244636,1.571228865,,,
GutenTAG,rw-combined-diff-3.unsupervised,,rw-combined-diff-3/test.csv,synthetic,FALSE,,unsupervised,TRUE,univariate,10000,1,0.0105,6,1,1,100,-0.153820138,0.491058419,,,
GutenTAG,rw-combined-diff-3.supervised,rw-combined-diff-3/train_anomaly.csv,rw-combined-diff-3/test.csv,synthetic,FALSE,,supervised,TRUE,univariate,10000,1,0.0105,6,1,1,100,-0.153820138,0.491058419,,,
GutenTAG,rw-combined-diff-3.semi-supervised,rw-combined-diff-3/train_no_anomaly.csv,rw-combined-diff-3/test.csv,synthetic,FALSE,,semi-supervised,TRUE,univariate,10000,1,0.0105,6,1,1,100,-0.153820138,0.491058419,,,
GutenTAG,rw-length-1.unsupervised,,rw-length-1/test.csv,synthetic,FALSE,,unsupervised,TRUE,univariate,10000,1,0.0001,1,1,1,1,0.219129554,0.5302186,,,
GutenTAG,rw-length-1.supervised,rw-length-1/train_anomaly.csv,rw-length-1/test.csv,synthetic,FALSE,,supervised,TRUE,univariate,10000,1,0.0001,1,1,1,1,0.219129554,0.5302186,,,
GutenTAG,rw-length-1.semi-supervised,rw-length-1/train_no_anomaly.csv,rw-length-1/test.csv,synthetic,FALSE,,semi-supervised,TRUE,univariate,10000,1,0.0001,1,1,1,1,0.219129554,0.5302186,,,
GutenTAG,rw-length-10.unsupervised,,rw-length-10/test.csv,synthetic,FALSE,,unsupervised,TRUE,univariate,10000,1,0.001,1,10,10,10,-0.117820221,0.519519714,,,
GutenTAG,rw-length-10.supervised,rw-length-10/train_anomaly.csv,rw-length-10/test.csv,synthetic,FALSE,,supervised,TRUE,univariate,10000,1,0.001,1,10,10,10,-0.117820221,0.519519714,,,
GutenTAG,rw-length-10.semi-supervised,rw-length-10/train_no_anomaly.csv,rw-length-10/test.csv,synthetic,FALSE,,semi-supervised,TRUE,univariate,10000,1,0.001,1,10,10,10,-0.117820221,0.519519714,,,
GutenTAG,rw-length-50.unsupervised,,rw-length-50/test.csv,synthetic,FALSE,,unsupervised,TRUE,univariate,10000,1,0.005,1,50,50,50,0.105895986,0.48568263,,,
GutenTAG,rw-length-50.supervised,rw-length-50/train_anomaly.csv,rw-length-50/test.csv,synthetic,FALSE,,supervised,TRUE,univariate,10000,1,0.005,1,50,50,50,0.105895986,0.48568263,,,
GutenTAG,rw-length-50.semi-supervised,rw-length-50/train_no_anomaly.csv,rw-length-50/test.csv,synthetic,FALSE,,semi-supervised,TRUE,univariate,10000,1,0.005,1,50,50,50,0.105895986,0.48568263,,,
GutenTAG,rw-length-100.unsupervised,,rw-length-100/test.csv,synthetic,FALSE,,unsupervised,TRUE,univariate,10000,1,0.01,1,100,100,100,0.020635389,0.521777368,,,
GutenTAG,rw-length-100.supervised,rw-length-100/train_anomaly.csv,rw-length-100/test.csv,synthetic,FALSE,,supervised,TRUE,univariate,10000,1,0.01,1,100,100,100,0.020635389,0.521777368,,,
GutenTAG,rw-length-100.semi-supervised,rw-length-100/train_no_anomaly.csv,rw-length-100/test.csv,synthetic,FALSE,,semi-supervised,TRUE,univariate,10000,1,0.01,1,100,100,100,0.020635389,0.521777368,,,
GutenTAG,rw-length-500.unsupervised,,rw-length-500/test.csv,synthetic,FALSE,,unsupervised,TRUE,univariate,10000,1,0.05,1,500,500,500,-0.017512435,0.603368903,,,
GutenTAG,rw-length-500.supervised,rw-length-500/train_anomaly.csv,rw-length-500/test.csv,synthetic,FALSE,,supervised,TRUE,univariate,10000,1,0.05,1,500,500,500,-0.017512435,0.603368903,,,
GutenTAG,rw-length-500.semi-supervised,rw-length-500/train_no_anomaly.csv,rw-length-500/test.csv,synthetic,FALSE,,semi-supervised,TRUE,univariate,10000,1,0.05,1,500,500,500,-0.017512435,0.603368903,,,
GutenTAG,rw-length-1000.unsupervised,,rw-length-1000/test.csv,synthetic,FALSE,,unsupervised,TRUE,univariate,10000,1,0.1,1,1000,1000,1000,0.042593282,0.576202092,,,
GutenTAG,rw-length-1000.supervised,rw-length-1000/train_anomaly.csv,rw-length-1000/test.csv,synthetic,FALSE,,supervised,TRUE,univariate,10000,1,0.1,1,1000,1000,1000,0.042593282,0.576202092,,,
GutenTAG,rw-length-1000.semi-supervised,rw-length-1000/train_no_anomaly.csv,rw-length-1000/test.csv,synthetic,FALSE,,semi-supervised,TRUE,univariate,10000,1,0.1,1,1000,1000,1000,0.042593282,0.576202092,,,
GutenTAG,rw-trend-linear.unsupervised,,rw-trend-linear/test.csv,synthetic,FALSE,,unsupervised,TRUE,univariate,10000,1,0.01,1,100,100,100,-1.837024571,0.467315979,polynomial,,
GutenTAG,rw-trend-linear.supervised,rw-trend-linear/train_anomaly.csv,rw-trend-linear/test.csv,synthetic,FALSE,,supervised,TRUE,univariate,10000,1,0.01,1,100,100,100,-1.837024571,0.467315979,polynomial,,
GutenTAG,rw-trend-linear.semi-supervised,rw-trend-linear/train_no_anomaly.csv,rw-trend-linear/test.csv,synthetic,FALSE,,semi-supervised,TRUE,univariate,10000,1,0.01,1,100,100,100,-1.837024571,0.467315979,polynomial,,
GutenTAG,rw-trend-quadratic.unsupervised,,rw-trend-quadratic/test.csv,synthetic,FALSE,,unsupervised,TRUE,univariate,10000,1,0.01,1,100,100,100,1.490580321,3.051704379,polynomial,,
GutenTAG,rw-trend-quadratic.supervised,rw-trend-quadratic/train_anomaly.csv,rw-trend-quadratic/test.csv,synthetic,FALSE,,supervised,TRUE,univariate,10000,1,0.01,1,100,100,100,1.490580321,3.051704379,polynomial,,
GutenTAG,rw-trend-quadratic.semi-supervised,rw-trend-quadratic/train_no_anomaly.csv,rw-trend-quadratic/test.csv,synthetic,FALSE,,semi-supervised,TRUE,univariate,10000,1,0.01,1,100,100,100,1.490580321,3.051704379,polynomial,,
GutenTAG,rw-trend-sinus.unsupervised,,rw-trend-sinus/test.csv,synthetic,FALSE,,unsupervised,TRUE,univariate,10000,1,0.01,1,100,100,100,-0.077691637,0.695435613,sinus,,
GutenTAG,rw-trend-sinus.supervised,rw-trend-sinus/train_anomaly.csv,rw-trend-sinus/test.csv,synthetic,FALSE,,supervised,TRUE,univariate,10000,1,0.01,1,100,100,100,-0.077691637,0.695435613,sinus,,
GutenTAG,rw-trend-sinus.semi-supervised,rw-trend-sinus/train_no_anomaly.csv,rw-trend-sinus/test.csv,synthetic,FALSE,,semi-supervised,TRUE,univariate,10000,1,0.01,1,100,100,100,-0.077691637,0.695435613,sinus,,
GutenTAG,rw-type-amplitude.unsupervised,,rw-type-amplitude/test.csv,synthetic,FALSE,,unsupervised,TRUE,univariate,10000,1,0.01,1,100,100,100,0.206707128,0.531688749,,,
GutenTAG,rw-type-amplitude.supervised,rw-type-amplitude/train_anomaly.csv,rw-type-amplitude/test.csv,synthetic,FALSE,,supervised,TRUE,univariate,10000,1,0.01,1,100,100,100,0.206707128,0.531688749,,,
GutenTAG,rw-type-amplitude.semi-supervised,rw-type-amplitude/train_no_anomaly.csv,rw-type-amplitude/test.csv,synthetic,FALSE,,semi-supervised,TRUE,univariate,10000,1,0.01,1,100,100,100,0.206707128,0.531688749,,,
GutenTAG,rw-type-extremum.unsupervised,,rw-type-extremum/test.csv,synthetic,FALSE,,unsupervised,TRUE,univariate,10000,1,0.0001,1,1,1,1,0.172368242,0.421962561,,,
GutenTAG,rw-type-extremum.supervised,rw-type-extremum/train_anomaly.csv,rw-type-extremum/test.csv,synthetic,FALSE,,supervised,TRUE,univariate,10000,1,0.0001,1,1,1,1,0.172368242,0.421962561,,,
GutenTAG,rw-type-extremum.semi-supervised,rw-type-extremum/train_no_anomaly.csv,rw-type-extremum/test.csv,synthetic,FALSE,,semi-supervised,TRUE,univariate,10000,1,0.0001,1,1,1,1,0.172368242,0.421962561,,,
GutenTAG,rw-type-mean.unsupervised,,rw-type-mean/test.csv,synthetic,FALSE,,unsupervised,TRUE,univariate,10000,1,0.01,1,100,100,100,0.201057078,0.563876538,,,
GutenTAG,rw-type-mean.supervised,rw-type-mean/train_anomaly.csv,rw-type-mean/test.csv,synthetic,FALSE,,supervised,TRUE,univariate,10000,1,0.01,1,100,100,100,0.201057078,0.563876538,,,
GutenTAG,rw-type-mean.semi-supervised,rw-type-mean/train_no_anomaly.csv,rw-type-mean/test.csv,synthetic,FALSE,,semi-supervised,TRUE,univariate,10000,1,0.01,1,100,100,100,0.201057078,0.563876538,,,
GutenTAG,rw-type-platform.unsupervised,,rw-type-platform/test.csv,synthetic,FALSE,,unsupervised,TRUE,univariate,10000,1,0.01,1,100,100,100,0.036722035,0.537790144,,,
GutenTAG,rw-type-platform.supervised,rw-type-platform/train_anomaly.csv,rw-type-platform/test.csv,synthetic,FALSE,,supervised,TRUE,univariate,10000,1,0.01,1,100,100,100,0.036722035,0.537790144,,,
GutenTAG,rw-type-platform.semi-supervised,rw-type-platform/train_no_anomaly.csv,rw-type-platform/test.csv,synthetic,FALSE,,semi-supervised,TRUE,univariate,10000,1,0.01,1,100,100,100,0.036722035,0.537790144,,,
GutenTAG,rw-type-trend.unsupervised,,rw-type-trend/test.csv,synthetic,FALSE,,unsupervised,TRUE,univariate,10000,1,0.01,1,100,100,100,0.104399386,0.736228302,,,
GutenTAG,rw-type-trend.supervised,rw-type-trend/train_anomaly.csv,rw-type-trend/test.csv,synthetic,FALSE,,supervised,TRUE,univariate,10000,1,0.01,1,100,100,100,0.104399386,0.736228302,,,
GutenTAG,rw-type-trend.semi-supervised,rw-type-trend/train_no_anomaly.csv,rw-type-trend/test.csv,synthetic,FALSE,,semi-supervised,TRUE,univariate,10000,1,0.01,1,100,100,100,0.104399386,0.736228302,,,
GutenTAG,rw-type-variance.unsupervised,,rw-type-variance/test.csv,synthetic,FALSE,,unsupervised,TRUE,univariate,10000,1,0.01,1,100,100,100,-0.000237306,0.478726192,,,
GutenTAG,rw-type-variance.supervised,rw-type-variance/train_anomaly.csv,rw-type-variance/test.csv,synthetic,FALSE,,supervised,TRUE,univariate,10000,1,0.01,1,100,100,100,-0.000237306,0.478726192,,,
GutenTAG,rw-type-variance.semi-supervised,rw-type-variance/train_no_anomaly.csv,rw-type-variance/test.csv,synthetic,FALSE,,semi-supervised,TRUE,univariate,10000,1,0.01,1,100,100,100,-0.000237306,0.478726192,,,
GutenTAG,poly-same-count-1.unsupervised,,poly-same-count-1/test.csv,synthetic,FALSE,,unsupervised,TRUE,univariate,10000,1,0.01,1,100,100,100,-3.467594119,2.359062302,,,
GutenTAG,poly-same-count-1.supervised,poly-same-count-1/train_anomaly.csv,poly-same-count-1/test.csv,synthetic,FALSE,,supervised,TRUE,univariate,10000,1,0.01,1,100,100,100,-3.467594119,2.359062302,,,
GutenTAG,poly-same-count-1.semi-supervised,poly-same-count-1/train_no_anomaly.csv,poly-same-count-1/test.csv,synthetic,FALSE,,semi-supervised,TRUE,univariate,10000,1,0.01,1,100,100,100,-3.467594119,2.359062302,,,
GutenTAG,poly-same-count-2.unsupervised,,poly-same-count-2/test.csv,synthetic,FALSE,,unsupervised,TRUE,univariate,10000,1,0.02,2,100,100,100,-3.46707458,2.359256692,,,
GutenTAG,poly-same-count-2.supervised,poly-same-count-2/train_anomaly.csv,poly-same-count-2/test.csv,synthetic,FALSE,,supervised,TRUE,univariate,10000,1,0.02,2,100,100,100,-3.46707458,2.359256692,,,
GutenTAG,poly-same-count-2.semi-supervised,poly-same-count-2/train_no_anomaly.csv,poly-same-count-2/test.csv,synthetic,FALSE,,semi-supervised,TRUE,univariate,10000,1,0.02,2,100,100,100,-3.46707458,2.359256692,,,
GutenTAG,poly-same-count-5.unsupervised,,poly-same-count-5/test.csv,synthetic,FALSE,,unsupervised,TRUE,univariate,10000,1,0.05,5,100,100,100,-3.466380737,2.360411911,,,
GutenTAG,poly-same-count-5.supervised,poly-same-count-5/train_anomaly.csv,poly-same-count-5/test.csv,synthetic,FALSE,,supervised,TRUE,univariate,10000,1,0.05,5,100,100,100,-3.466380737,2.360411911,,,
GutenTAG,poly-same-count-5.semi-supervised,poly-same-count-5/train_no_anomaly.csv,poly-same-count-5/test.csv,synthetic,FALSE,,semi-supervised,TRUE,univariate,10000,1,0.05,5,100,100,100,-3.466380737,2.360411911,,,
GutenTAG,poly-same-count-10.unsupervised,,poly-same-count-10/test.csv,synthetic,FALSE,,unsupervised,TRUE,univariate,10000,1,0.1,10,100,100,100,-3.466490524,2.362213404,,,
GutenTAG,poly-same-count-10.supervised,poly-same-count-10/train_anomaly.csv,poly-same-count-10/test.csv,synthetic,FALSE,,supervised,TRUE,univariate,10000,1,0.1,10,100,100,100,-3.466490524,2.362213404,,,
GutenTAG,poly-same-count-10.semi-supervised,poly-same-count-10/train_no_anomaly.csv,poly-same-count-10/test.csv,synthetic,FALSE,,semi-supervised,TRUE,univariate,10000,1,0.1,10,100,100,100,-3.466490524,2.362213404,,,
GutenTAG,poly-diff-count-1.unsupervised,,poly-diff-count-1/test.csv,synthetic,FALSE,,unsupervised,TRUE,univariate,10000,1,0.0001,1,1,1,1,-3.466385377,2.363279277,,,
GutenTAG,poly-diff-count-1.supervised,poly-diff-count-1/train_anomaly.csv,poly-diff-count-1/test.csv,synthetic,FALSE,,supervised,TRUE,univariate,10000,1,0.0001,1,1,1,1,-3.466385377,2.363279277,,,
GutenTAG,poly-diff-count-1.semi-supervised,poly-diff-count-1/train_no_anomaly.csv,poly-diff-count-1/test.csv,synthetic,FALSE,,semi-supervised,TRUE,univariate,10000,1,0.0001,1,1,1,1,-3.466385377,2.363279277,,,
GutenTAG,poly-diff-count-2.unsupervised,,poly-diff-count-2/test.csv,synthetic,FALSE,,unsupervised,TRUE,univariate,10000,1,0.0101,2,1,50.5,100,-3.465571853,2.364462793,,,
GutenTAG,poly-diff-count-2.supervised,poly-diff-count-2/train_anomaly.csv,poly-diff-count-2/test.csv,synthetic,FALSE,,supervised,TRUE,univariate,10000,1,0.0101,2,1,50.5,100,-3.465571853,2.364462793,,,
GutenTAG,poly-diff-count-2.semi-supervised,poly-diff-count-2/train_no_anomaly.csv,poly-diff-count-2/test.csv,synthetic,FALSE,,semi-supervised,TRUE,univariate,10000,1,0.0101,2,1,50.5,100,-3.465571853,2.364462793,,,
GutenTAG,poly-diff-count-3.unsupervised,,poly-diff-count-3/test.csv,synthetic,FALSE,,unsupervised,TRUE,univariate,10000,1,0.0201,3,1,100,100,-3.455633224,2.375474103,,,
GutenTAG,poly-diff-count-3.supervised,poly-diff-count-3/train_anomaly.csv,poly-diff-count-3/test.csv,synthetic,FALSE,,supervised,TRUE,univariate,10000,1,0.0201,3,1,100,100,-3.455633224,2.375474103,,,
GutenTAG,poly-diff-count-3.semi-supervised,poly-diff-count-3/train_no_anomaly.csv,poly-diff-count-3/test.csv,synthetic,FALSE,,semi-supervised,TRUE,univariate,10000,1,0.0201,3,1,100,100,-3.455633224,2.375474103,,,
GutenTAG,poly-diff-count-4.unsupervised,,poly-diff-count-4/test.csv,synthetic,FALSE,,unsupervised,TRUE,univariate,10000,1,0.0301,4,1,100,100,-3.380622129,2.287079195,,,
GutenTAG,poly-diff-count-4.supervised,poly-diff-count-4/train_anomaly.csv,poly-diff-count-4/test.csv,synthetic,FALSE,,supervised,TRUE,univariate,10000,1,0.0301,4,1,100,100,-3.380622129,2.287079195,,,
GutenTAG,poly-diff-count-4.semi-supervised,poly-diff-count-4/train_no_anomaly.csv,poly-diff-count-4/test.csv,synthetic,FALSE,,semi-supervised,TRUE,univariate,10000,1,0.0301,4,1,100,100,-3.380622129,2.287079195,,,
GutenTAG,poly-diff-count-5.unsupervised,,poly-diff-count-5/test.csv,synthetic,FALSE,,unsupervised,TRUE,univariate,10000,1,0.0401,5,1,100,100,-3.451048008,2.374834122,,,
GutenTAG,poly-diff-count-5.supervised,poly-diff-count-5/train_anomaly.csv,poly-diff-count-5/test.csv,synthetic,FALSE,,supervised,TRUE,univariate,10000,1,0.0401,5,1,100,100,-3.451048008,2.374834122,,,
GutenTAG,poly-diff-count-5.semi-supervised,poly-diff-count-5/train_no_anomaly.csv,poly-diff-count-5/test.csv,synthetic,FALSE,,semi-supervised,TRUE,univariate,10000,1,0.0401,5,1,100,100,-3.451048008,2.374834122,,,
GutenTAG,poly-combined-diff-1.unsupervised,,poly-combined-diff-1/test.csv,synthetic,FALSE,,unsupervised,TRUE,univariate,10000,1,0.06,6,100,100,100,-3.456516137,2.351260048,,,
GutenTAG,poly-combined-diff-1.supervised,poly-combined-diff-1/train_anomaly.csv,poly-combined-diff-1/test.csv,synthetic,FALSE,,supervised,TRUE,univariate,10000,1,0.06,6,100,100,100,-3.456516137,2.351260048,,,
GutenTAG,poly-combined-diff-1.semi-supervised,poly-combined-diff-1/train_no_anomaly.csv,poly-combined-diff-1/test.csv,synthetic,FALSE,,semi-supervised,TRUE,univariate,10000,1,0.06,6,100,100,100,-3.456516137,2.351260048,,,
GutenTAG,poly-combined-diff-2.unsupervised,,poly-combined-diff-2/test.csv,synthetic,FALSE,,unsupervised,TRUE,univariate,10000,1,0.07,6,100,100,100,-3.377770607,2.32275114,,,
GutenTAG,poly-combined-diff-2.supervised,poly-combined-diff-2/train_anomaly.csv,poly-combined-diff-2/test.csv,synthetic,FALSE,,supervised,TRUE,univariate,10000,1,0.07,6,100,100,100,-3.377770607,2.32275114,,,
GutenTAG,poly-combined-diff-2.semi-supervised,poly-combined-diff-2/train_no_anomaly.csv,poly-combined-diff-2/test.csv,synthetic,FALSE,,semi-supervised,TRUE,univariate,10000,1,0.07,6,100,100,100,-3.377770607,2.32275114,,,
GutenTAG,poly-combined-diff-3.unsupervised,,poly-combined-diff-3/test.csv,synthetic,FALSE,,unsupervised,TRUE,univariate,10000,1,0.0105,6,1,1,100,-9.331115857,1.994025161,,,
GutenTAG,poly-combined-diff-3.supervised,poly-combined-diff-3/train_anomaly.csv,poly-combined-diff-3/test.csv,synthetic,FALSE,,supervised,TRUE,univariate,10000,1,0.0105,6,1,1,100,-9.331115857,1.994025161,,,
GutenTAG,poly-combined-diff-3.semi-supervised,poly-combined-diff-3/train_no_anomaly.csv,poly-combined-diff-3/test.csv,synthetic,FALSE,,semi-supervised,TRUE,univariate,10000,1,0.0105,6,1,1,100,-9.331115857,1.994025161,,,
GutenTAG,poly-length-1.unsupervised,,poly-length-1/test.csv,synthetic,FALSE,,unsupervised,TRUE,univariate,10000,1,0.0001,1,1,1,1,-9.332349258,1.994931858,,,
GutenTAG,poly-length-1.supervised,poly-length-1/train_anomaly.csv,poly-length-1/test.csv,synthetic,FALSE,,supervised,TRUE,univariate,10000,1,0.0001,1,1,1,1,-9.332349258,1.994931858,,,
GutenTAG,poly-length-1.semi-supervised,poly-length-1/train_no_anomaly.csv,poly-length-1/test.csv,synthetic,FALSE,,semi-supervised,TRUE,univariate,10000,1,0.0001,1,1,1,1,-9.332349258,1.994931858,,,
GutenTAG,poly-length-10.unsupervised,,poly-length-10/test.csv,synthetic,FALSE,,unsupervised,TRUE,univariate,10000,1,0.001,1,10,10,10,-9.332729264,1.993839031,,,
GutenTAG,poly-length-10.supervised,poly-length-10/train_anomaly.csv,poly-length-10/test.csv,synthetic,FALSE,,supervised,TRUE,univariate,10000,1,0.001,1,10,10,10,-9.332729264,1.993839031,,,
GutenTAG,poly-length-10.semi-supervised,poly-length-10/train_no_anomaly.csv,poly-length-10/test.csv,synthetic,FALSE,,semi-supervised,TRUE,univariate,10000,1,0.001,1,10,10,10,-9.332729264,1.993839031,,,
GutenTAG,poly-length-50.unsupervised,,poly-length-50/test.csv,synthetic,FALSE,,unsupervised,TRUE,univariate,10000,1,0.005,1,50,50,50,-9.332697053,1.995173021,,,
GutenTAG,poly-length-50.supervised,poly-length-50/train_anomaly.csv,poly-length-50/test.csv,synthetic,FALSE,,supervised,TRUE,univariate,10000,1,0.005,1,50,50,50,-9.332697053,1.995173021,,,
GutenTAG,poly-length-50.semi-supervised,poly-length-50/train_no_anomaly.csv,poly-length-50/test.csv,synthetic,FALSE,,semi-supervised,TRUE,univariate,10000,1,0.005,1,50,50,50,-9.332697053,1.995173021,,,
GutenTAG,poly-length-100.unsupervised,,poly-length-100/test.csv,synthetic,FALSE,,unsupervised,TRUE,univariate,10000,1,0.01,1,100,100,100,-9.333005926,1.994482523,,,
GutenTAG,poly-length-100.supervised,poly-length-100/train_anomaly.csv,poly-length-100/test.csv,synthetic,FALSE,,supervised,TRUE,univariate,10000,1,0.01,1,100,100,100,-9.333005926,1.994482523,,,
GutenTAG,poly-length-100.semi-supervised,poly-length-100/train_no_anomaly.csv,poly-length-100/test.csv,synthetic,FALSE,,semi-supervised,TRUE,univariate,10000,1,0.01,1,100,100,100,-9.333005926,1.994482523,,,
GutenTAG,poly-length-500.unsupervised,,poly-length-500/test.csv,synthetic,FALSE,,unsupervised,TRUE,univariate,10000,1,0.05,1,500,500,500,-9.333209542,1.99524706,,,
GutenTAG,poly-length-500.supervised,poly-length-500/train_anomaly.csv,poly-length-500/test.csv,synthetic,FALSE,,supervised,TRUE,univariate,10000,1,0.05,1,500,500,500,-9.333209542,1.99524706,,,
GutenTAG,poly-length-500.semi-supervised,poly-length-500/train_no_anomaly.csv,poly-length-500/test.csv,synthetic,FALSE,,semi-supervised,TRUE,univariate,10000,1,0.05,1,500,500,500,-9.333209542,1.99524706,,,
GutenTAG,poly-length-1000.unsupervised,,poly-length-1000/test.csv,synthetic,FALSE,,unsupervised,TRUE,univariate,10000,1,0.1,1,1000,1000,1000,-9.333565392,1.996746242,,,
GutenTAG,poly-length-1000.supervised,poly-length-1000/train_anomaly.csv,poly-length-1000/test.csv,synthetic,FALSE,,supervised,TRUE,univariate,10000,1,0.1,1,1000,1000,1000,-9.333565392,1.996746242,,,
GutenTAG,poly-length-1000.semi-supervised,poly-length-1000/train_no_anomaly.csv,poly-length-1000/test.csv,synthetic,FALSE,,semi-supervised,TRUE,univariate,10000,1,0.1,1,1000,1000,1000,-9.333565392,1.996746242,,,
GutenTAG,poly-trend-linear.unsupervised,,poly-trend-linear/test.csv,synthetic,FALSE,,unsupervised,TRUE,univariate,10000,1,0.01,1,100,100,100,-11.13351248,2.063375825,polynomial,,
GutenTAG,poly-trend-linear.supervised,poly-trend-linear/train_anomaly.csv,poly-trend-linear/test.csv,synthetic,FALSE,,supervised,TRUE,univariate,10000,1,0.01,1,100,100,100,-11.13351248,2.063375825,polynomial,,
GutenTAG,poly-trend-linear.semi-supervised,poly-trend-linear/train_no_anomaly.csv,poly-trend-linear/test.csv,synthetic,FALSE,,semi-supervised,TRUE,univariate,10000,1,0.01,1,100,100,100,-11.13351248,2.063375825,polynomial,,
GutenTAG,poly-trend-quadratic.unsupervised,,poly-trend-quadratic/test.csv,synthetic,FALSE,,unsupervised,TRUE,univariate,10000,1,0.01,1,100,100,100,-7.80015577,4.08812459,polynomial,,
GutenTAG,poly-trend-quadratic.supervised,poly-trend-quadratic/train_anomaly.csv,poly-trend-quadratic/test.csv,synthetic,FALSE,,supervised,TRUE,univariate,10000,1,0.01,1,100,100,100,-7.80015577,4.08812459,polynomial,,
GutenTAG,poly-trend-quadratic.semi-supervised,poly-trend-quadratic/train_no_anomaly.csv,poly-trend-quadratic/test.csv,synthetic,FALSE,,semi-supervised,TRUE,univariate,10000,1,0.01,1,100,100,100,-7.80015577,4.08812459,polynomial,,
GutenTAG,poly-trend-sinus.unsupervised,,poly-trend-sinus/test.csv,synthetic,FALSE,,unsupervised,TRUE,univariate,10000,1,0.01,1,100,100,100,-9.33326252,2.041951096,sinus,,
GutenTAG,poly-trend-sinus.supervised,poly-trend-sinus/train_anomaly.csv,poly-trend-sinus/test.csv,synthetic,FALSE,,supervised,TRUE,univariate,10000,1,0.01,1,100,100,100,-9.33326252,2.041951096,sinus,,
GutenTAG,poly-trend-sinus.semi-supervised,poly-trend-sinus/train_no_anomaly.csv,poly-trend-sinus/test.csv,synthetic,FALSE,,semi-supervised,TRUE,univariate,10000,1,0.01,1,100,100,100,-9.33326252,2.041951096,sinus,,
GutenTAG,poly-type-extremum.unsupervised,,poly-type-extremum/test.csv,synthetic,FALSE,,unsupervised,TRUE,univariate,10000,1,0.0001,1,1,1,1,-9.333491132,1.99431834,,,
GutenTAG,poly-type-extremum.supervised,poly-type-extremum/train_anomaly.csv,poly-type-extremum/test.csv,synthetic,FALSE,,supervised,TRUE,univariate,10000,1,0.0001,1,1,1,1,-9.333491132,1.99431834,,,
GutenTAG,poly-type-extremum.semi-supervised,poly-type-extremum/train_no_anomaly.csv,poly-type-extremum/test.csv,synthetic,FALSE,,semi-supervised,TRUE,univariate,10000,1,0.0001,1,1,1,1,-9.333491132,1.99431834,,,
GutenTAG,poly-type-mean.unsupervised,,poly-type-mean/test.csv,synthetic,FALSE,,unsupervised,TRUE,univariate,10000,1,0.01,1,100,100,100,-9.322606117,2.001807969,,,
GutenTAG,poly-type-mean.supervised,poly-type-mean/train_anomaly.csv,poly-type-mean/test.csv,synthetic,FALSE,,supervised,TRUE,univariate,10000,1,0.01,1,100,100,100,-9.322606117,2.001807969,,,
GutenTAG,poly-type-mean.semi-supervised,poly-type-mean/train_no_anomaly.csv,poly-type-mean/test.csv,synthetic,FALSE,,semi-supervised,TRUE,univariate,10000,1,0.01,1,100,100,100,-9.322606117,2.001807969,,,
GutenTAG,poly-type-platform.unsupervised,,poly-type-platform/test.csv,synthetic,FALSE,,unsupervised,TRUE,univariate,10000,1,0.01,1,100,100,100,-9.26096715,2.123234443,,,
GutenTAG,poly-type-platform.supervised,poly-type-platform/train_anomaly.csv,poly-type-platform/test.csv,synthetic,FALSE,,supervised,TRUE,univariate,10000,1,0.01,1,100,100,100,-9.26096715,2.123234443,,,
GutenTAG,poly-type-platform.semi-supervised,poly-type-platform/train_no_anomaly.csv,poly-type-platform/test.csv,synthetic,FALSE,,semi-supervised,TRUE,univariate,10000,1,0.01,1,100,100,100,-9.26096715,2.123234443,,,
GutenTAG,poly-type-trend.unsupervised,,poly-type-trend/test.csv,synthetic,FALSE,,unsupervised,TRUE,univariate,10000,1,0.01,1,100,100,100,-9.153067826,2.150959801,,,
GutenTAG,poly-type-trend.supervised,poly-type-trend/train_anomaly.csv,poly-type-trend/test.csv,synthetic,FALSE,,supervised,TRUE,univariate,10000,1,0.01,1,100,100,100,-9.153067826,2.150959801,,,
GutenTAG,poly-type-trend.semi-supervised,poly-type-trend/train_no_anomaly.csv,poly-type-trend/test.csv,synthetic,FALSE,,semi-supervised,TRUE,univariate,10000,1,0.01,1,100,100,100,-9.153067826,2.150959801,,,
GutenTAG,poly-type-variance.unsupervised,,poly-type-variance/test.csv,synthetic,FALSE,,unsupervised,TRUE,univariate,10000,1,0.01,1,100,100,100,-9.332443376,1.994117584,,,
GutenTAG,poly-type-variance.supervised,poly-type-variance/train_anomaly.csv,poly-type-variance/test.csv,synthetic,FALSE,,supervised,TRUE,univariate,10000,1,0.01,1,100,100,100,-9.332443376,1.994117584,,,
GutenTAG,poly-type-variance.semi-supervised,poly-type-variance/train_no_anomaly.csv,poly-type-variance/test.csv,synthetic,FALSE,,semi-supervised,TRUE,univariate,10000,1,0.01,1,100,100,100,-9.332443376,1.994117584,,,